curve_num,curve_id,PopBio_units,model,n,n_unique_time,k,AIC,BIC,RSS,R2,converged,message
1,"Acinetobacter.clacoaceticus..RDA.R._15_TSB_Bae, Y.M., Zheng, L., Hyun, J.E., Jung, K.S., Heu, S. and Lee, S.Y., 2014. Growth characteristics and biofilm formation of various spoilage bacteria isolated from fresh produce. Journal of food science, 79(10), pp.M2072-M2080._1",OD_595,cubic,22,22,4,-112.96761284306284,-107.51240057627126,0.004813785200060274,0.8755010234121439,1,
1,"Acinetobacter.clacoaceticus..RDA.R._15_TSB_Bae, Y.M., Zheng, L., Hyun, J.E., Jung, K.S., Heu, S. and Lee, S.Y., 2014. Growth characteristics and biofilm formation of various spoilage bacteria isolated from fresh produce. Journal of food science, 79(10), pp.M2072-M2080._1",OD_595,logistic,22,22,3,-90.88037239169529,-86.51620257826202,0.014387478569006157,0.6278964924528515,1,
1,"Acinetobacter.clacoaceticus..RDA.R._15_TSB_Bae, Y.M., Zheng, L., Hyun, J.E., Jung, K.S., Heu, S. and Lee, S.Y., 2014. Growth characteristics and biofilm formation of various spoilage bacteria isolated from fresh produce. Journal of food science, 79(10), pp.M2072-M2080._1",OD_595,quadratic,22,22,3,-87.25107973796115,-82.88690992452788,0.01696794765592239,0.561157793677167,1,
2,"Acinetobacter.clacoaceticus..RDA.R._25_TSB_Bae, Y.M., Zheng, L., Hyun, J.E., Jung, K.S., Heu, S. and Lee, S.Y., 2014. Growth characteristics and biofilm formation of various spoilage bacteria isolated from fresh produce. Journal of food science, 79(10), pp.M2072-M2080._1",OD_595,cubic,15,15,4,-92.68025782479752,-89.14000681928647,9.348005312836975e-4,0.9635167508025062,1,
2,"Acinetobacter.clacoaceticus..RDA.R._25_TSB_Bae, Y.M., Zheng, L., Hyun, J.E., Jung, K.S., Heu, S. and Lee, S.Y., 2014. Growth characteristics and biofilm formation of various spoilage bacteria isolated from fresh produce. Journal of food science, 79(10), pp.M2072-M2080._1",OD_595,logistic,15,15,3,-71.94085676451257,-69.10865596010373,0.004256886236862444,0.8338629085163607,1,
2,"Acinetobacter.clacoaceticus..RDA.R._25_TSB_Bae, Y.M., Zheng, L., Hyun, J.E., Jung, K.S., Heu, S. and Lee, S.Y., 2014. Growth characteristics and biofilm formation of various spoilage bacteria isolated from fresh produce. Journal of food science, 79(10), pp.M2072-M2080._1",OD_595,quadratic,15,15,3,-76.82223575021463,-73.99003494580579,0.0030744090286822265,0.8800124443934463,1,
3,"Acinetobacter.clacoaceticus..RDA.R._35_TSB_Bae, Y.M., Zheng, L., Hyun, J.E., Jung, K.S., Heu, S. and Lee, S.Y., 2014. Growth characteristics and biofilm formation of various spoilage bacteria isolated from fresh produce. Journal of food science, 79(10), pp.M2072-M2080._1",OD_595,cubic,15,15,4,-70.3895760208382,-66.84932501532715,0.0041314289737631,0.8135204288139732,1,
3,"Acinetobacter.clacoaceticus..RDA.R._35_TSB_Bae, Y.M., Zheng, L., Hyun, J.E., Jung, K.S., Heu, S. and Lee, S.Y., 2014. Growth characteristics and biofilm formation of various spoilage bacteria isolated from fresh produce. Journal of food science, 79(10), pp.M2072-M2080._1",OD_595,logistic,15,15,3,-78.166868995077,-75.33466819066815,0.0028108037674132295,0.8731292527200679,1,
3,"Acinetobacter.clacoaceticus..RDA.R._35_TSB_Bae, Y.M., Zheng, L., Hyun, J.E., Jung, K.S., Heu, S. and Lee, S.Y., 2014. Growth characteristics and biofilm formation of various spoilage bacteria isolated from fresh produce. Journal of food science, 79(10), pp.M2072-M2080._1",OD_595,quadratic,15,15,3,-60.48895495848106,-57.65675415407222,0.009133948560624423,0.5877225963129586,1,
4,"Acinetobacter.clacoaceticus..RDA.R._5_TSB_Bae, Y.M., Zheng, L., Hyun, J.E., Jung, K.S., Heu, S. and Lee, S.Y., 2014. Growth characteristics and biofilm formation of various spoilage bacteria isolated from fresh produce. Journal of food science, 79(10), pp.M2072-M2080._1",OD_595,cubic,29,29,4,-245.49623462554115,-238.6597554756088,2.533354081016785e-4,0.9128238794106625,1,
4,"Acinetobacter.clacoaceticus..RDA.R._5_TSB_Bae, Y.M., Zheng, L., Hyun, J.E., Jung, K.S., Heu, S. and Lee, S.Y., 2014. Growth characteristics and biofilm formation of various spoilage bacteria isolated from fresh produce. Journal of food science, 79(10), pp.M2072-M2080._1",OD_595,logistic,29,29,3,-245.72861875527008,-240.25943543532418,2.6925707862329566e-4,0.9073450184816797,1,
4,"Acinetobacter.clacoaceticus..RDA.R._5_TSB_Bae, Y.M., Zheng, L., Hyun, J.E., Jung, K.S., Heu, S. and Lee, S.Y., 2014. Growth characteristics and biofilm formation of various spoilage bacteria isolated from fresh produce. Journal of food science, 79(10), pp.M2072-M2080._1",OD_595,quadratic,29,29,3,-247.24719939084633,-241.77801607090043,2.555202738851622e-4,0.9120720377141553,1,
5,"Acinetobacter.clacoaceticus.1_15_TSB_Bae, Y.M., Zheng, L., Hyun, J.E., Jung, K.S., Heu, S. and Lee, S.Y., 2014. Growth characteristics and biofilm formation of various spoilage bacteria isolated from fresh produce. Journal of food science, 79(10), pp.M2072-M2080._1",OD_595,cubic,22,22,4,-84.7626227906741,-79.30741052388252,0.017348893357001093,0.7423146622370279,1,
5,"Acinetobacter.clacoaceticus.1_15_TSB_Bae, Y.M., Zheng, L., Hyun, J.E., Jung, K.S., Heu, S. and Lee, S.Y., 2014. Growth characteristics and biofilm formation of various spoilage bacteria isolated from fresh produce. Journal of food science, 79(10), pp.M2072-M2080._1",OD_595,logistic,22,22,3,-95.1256615586145,-90.76149174518123,0.011862600014926013,0.823803280780461,1,
5,"Acinetobacter.clacoaceticus.1_15_TSB_Bae, Y.M., Zheng, L., Hyun, J.E., Jung, K.S., Heu, S. and Lee, S.Y., 2014. Growth characteristics and biofilm formation of various spoilage bacteria isolated from fresh produce. Journal of food science, 79(10), pp.M2072-M2080._1",OD_595,quadratic,22,22,3,-73.26266846631975,-68.89849865288649,0.03204569997987636,0.5240211088257721,1,
6,"Acinetobacter.clacoaceticus.1_25_TSB_Bae, Y.M., Zheng, L., Hyun, J.E., Jung, K.S., Heu, S. and Lee, S.Y., 2014. Growth characteristics and biofilm formation of various spoilage bacteria isolated from fresh produce. Journal of food science, 79(10), pp.M2072-M2080._1",OD_595,cubic,14,14,4,-72.66748492273864,-69.47219827466235,0.002234718323935011,0.9578140635475316,1,
6,"Acinetobacter.clacoaceticus.1_25_TSB_Bae, Y.M., Zheng, L., Hyun, J.E., Jung, K.S., Heu, S. and Lee, S.Y., 2014. Growth characteristics and biofilm formation of various spoilage bacteria isolated from fresh produce. Journal of food science, 79(10), pp.M2072-M2080._1",OD_595,logistic,14,14,3,-47.03103878020419,-44.474809461743156,0.016089180989700115,0.6962761885763773,1,
6,"Acinetobacter.clacoaceticus.1_25_TSB_Bae, Y.M., Zheng, L., Hyun, J.E., Jung, K.S., Heu, S. and Lee, S.Y., 2014. Growth characteristics and biofilm formation of various spoilage bacteria isolated from fresh produce. Journal of food science, 79(10), pp.M2072-M2080._1",OD_595,quadratic,14,14,3,-52.60113131017843,-50.044901991717396,0.010807964388658815,0.795972452547106,1,
7,"Acinetobacter.clacoaceticus.1_35_TSB_Bae, Y.M., Zheng, L., Hyun, J.E., Jung, K.S., Heu, S. and Lee, S.Y., 2014. Growth characteristics and biofilm formation of various spoilage bacteria isolated from fresh produce. Journal of food science, 79(10), pp.M2072-M2080._1",OD_595,cubic,16,16,4,-51.05186183626262,-47.18891822506371,0.020629571786770905,0.9352162413186198,1,
7,"Acinetobacter.clacoaceticus.1_35_TSB_Bae, Y.M., Zheng, L., Hyun, J.E., Jung, K.S., Heu, S. and Lee, S.Y., 2014. Growth characteristics and biofilm formation of various spoilage bacteria isolated from fresh produce. Journal of food science, 79(10), pp.M2072-M2080._1",OD_595,logistic,16,16,3,-47.07872004147217,-43.98836515251304,0.02996550636214987,0.9058982826693591,1,
7,"Acinetobacter.clacoaceticus.1_35_TSB_Bae, Y.M., Zheng, L., Hyun, J.E., Jung, K.S., Heu, S. and Lee, S.Y., 2014. Growth characteristics and biofilm formation of various spoilage bacteria isolated from fresh produce. Journal of food science, 79(10), pp.M2072-M2080._1",OD_595,quadratic,16,16,3,-45.31531963515447,-42.22496474619534,0.03345694731768089,0.8949339897285595,1,
8,"Acinetobacter.clacoaceticus.1_5_TSB_Bae, Y.M., Zheng, L., Hyun, J.E., Jung, K.S., Heu, S. and Lee, S.Y., 2014. Growth characteristics and biofilm formation of various spoilage bacteria isolated from fresh produce. Journal of food science, 79(10), pp.M2072-M2080._1",OD_595,cubic,29,29,4,-223.24837645672775,-216.4118973067954,5.455976817434629e-4,0.9832783954696649,1,
8,"Acinetobacter.clacoaceticus.1_5_TSB_Bae, Y.M., Zheng, L., Hyun, J.E., Jung, K.S., Heu, S. and Lee, S.Y., 2014. Growth characteristics and biofilm formation of various spoilage bacteria isolated from fresh produce. Journal of food science, 79(10), pp.M2072-M2080._1",OD_595,logistic,29,29,3,-224.08233618958585,-218.61315286963995,5.679822354354053e-4,0.9825923484666266,1,
8,"Acinetobacter.clacoaceticus.1_5_TSB_Bae, Y.M., Zheng, L., Hyun, J.E., Jung, K.S., Heu, S. and Lee, S.Y., 2014. Growth characteristics and biofilm formation of various spoilage bacteria isolated from fresh produce. Journal of food science, 79(10), pp.M2072-M2080._1",OD_595,quadratic,29,29,3,-224.95770332333032,-219.48852000338442,5.510938211695436e-4,0.9831099485113991,1,
9,"Acinetobacter.clacoaceticus.2_15_TSB_Bae, Y.M., Zheng, L., Hyun, J.E., Jung, K.S., Heu, S. and Lee, S.Y., 2014. Growth characteristics and biofilm formation of various spoilage bacteria isolated from fresh produce. Journal of food science, 79(10), pp.M2072-M2080._1",OD_595,cubic,25,25,4,-115.26590601861587,-109.17152689427486,0.009758296016373716,0.895266149689115,1,
9,"Acinetobacter.clacoaceticus.2_15_TSB_Bae, Y.M., Zheng, L., Hyun, J.E., Jung, K.S., Heu, S. and Lee, S.Y., 2014. Growth characteristics and biofilm formation of various spoilage bacteria isolated from fresh produce. Journal of food science, 79(10), pp.M2072-M2080._1",OD_595,logistic,25,25,3,-81.76638336780786,-76.89088006833506,0.040370475071458016,0.5667117203640003,1,
9,"Acinetobacter.clacoaceticus.2_15_TSB_Bae, Y.M., Zheng, L., Hyun, J.E., Jung, K.S., Heu, S. and Lee, S.Y., 2014. Growth characteristics and biofilm formation of various spoilage bacteria isolated from fresh produce. Journal of food science, 79(10), pp.M2072-M2080._1",OD_595,quadratic,25,25,3,-79.63412113972846,-74.75861784025567,0.04396479464088297,0.5281346033015555,1,
10,"Acinetobacter.clacoaceticus.2_25_TSB_Bae, Y.M., Zheng, L., Hyun, J.E., Jung, K.S., Heu, S. and Lee, S.Y., 2014. Growth characteristics and biofilm formation of various spoilage bacteria isolated from fresh produce. Journal of food science, 79(10), pp.M2072-M2080._1",OD_595,cubic,15,15,4,-39.66171519488701,-36.121464189375956,0.03204519982447372,0.7856643627159232,1,
10,"Acinetobacter.clacoaceticus.2_25_TSB_Bae, Y.M., Zheng, L., Hyun, J.E., Jung, K.S., Heu, S. and Lee, S.Y., 2014. Growth characteristics and biofilm formation of various spoilage bacteria isolated from fresh produce. Journal of food science, 79(10), pp.M2072-M2080._1",OD_595,logistic,15,15,3,-28.9661484907396,-26.133947686330757,0.07470287019001229,0.5003467796478656,1,
10,"Acinetobacter.clacoaceticus.2_25_TSB_Bae, Y.M., Zheng, L., Hyun, J.E., Jung, K.S., Heu, S. and Lee, S.Y., 2014. Growth characteristics and biofilm formation of various spoilage bacteria isolated from fresh produce. Journal of food science, 79(10), pp.M2072-M2080._1",OD_595,quadratic,15,15,3,-39.19425148891841,-36.36205068450957,0.037774904539735504,0.7473409970224036,1,
11,"Acinetobacter.clacoaceticus.2_35_TSB_Bae, Y.M., Zheng, L., Hyun, J.E., Jung, K.S., Heu, S. and Lee, S.Y., 2014. Growth characteristics and biofilm formation of various spoilage bacteria isolated from fresh produce. Journal of food science, 79(10), pp.M2072-M2080._1",OD_595,cubic,16,16,4,-43.66394475331294,-39.80100114211403,0.032735836253670596,0.8634713429384293,1,
11,"Acinetobacter.clacoaceticus.2_35_TSB_Bae, Y.M., Zheng, L., Hyun, J.E., Jung, K.S., Heu, S. and Lee, S.Y., 2014. Growth characteristics and biofilm formation of various spoilage bacteria isolated from fresh produce. Journal of food science, 79(10), pp.M2072-M2080._1",OD_595,logistic,16,16,3,-27.94930531241731,-24.858950423458182,0.09905104791907658,0.5868959494988777,1,
11,"Acinetobacter.clacoaceticus.2_35_TSB_Bae, Y.M., Zheng, L., Hyun, J.E., Jung, K.S., Heu, S. and Lee, S.Y., 2014. Growth characteristics and biofilm formation of various spoilage bacteria isolated from fresh produce. Journal of food science, 79(10), pp.M2072-M2080._1",OD_595,quadratic,16,16,3,-37.54592834057278,-34.45557345161365,0.054371842215608666,0.7732358342051425,1,
12,"Acinetobacter.clacoaceticus.2_5_TSB_Bae, Y.M., Zheng, L., Hyun, J.E., Jung, K.S., Heu, S. and Lee, S.Y., 2014. Growth characteristics and biofilm formation of various spoilage bacteria isolated from fresh produce. Journal of food science, 79(10), pp.M2072-M2080._1",OD_595,cubic,29,29,4,-227.39695047851518,-220.56047132858282,4.728733439708904e-4,0.9831658215369666,1,
12,"Acinetobacter.clacoaceticus.2_5_TSB_Bae, Y.M., Zheng, L., Hyun, J.E., Jung, K.S., Heu, S. and Lee, S.Y., 2014. Growth characteristics and biofilm formation of various spoilage bacteria isolated from fresh produce. Journal of food science, 79(10), pp.M2072-M2080._1",OD_595,logistic,29,29,3,-222.98972897748413,-217.52054565753824,5.897898301492455e-4,0.9790036224646536,1,
12,"Acinetobacter.clacoaceticus.2_5_TSB_Bae, Y.M., Zheng, L., Hyun, J.E., Jung, K.S., Heu, S. and Lee, S.Y., 2014. Growth characteristics and biofilm formation of various spoilage bacteria isolated from fresh produce. Journal of food science, 79(10), pp.M2072-M2080._1",OD_595,quadratic,29,29,3,-228.34538154845828,-222.87619822851238,4.903348761979296e-4,0.9825441951469495,1,
13,"Aerobic Mesophilic._10_Cooked Chicken Breast_Galarz, L.A., Fonseca, G.G. and Prentice, C., 2016. Predicting bacterial growth in raw, salted, and cooked chicken breast fillets during storage. Food Science and Technology International, 22(6), pp.461-474._1",CFU,cubic,11,11,4,177.47626968183786,179.46574604582972,2636950.3369902335,0.8157556858784475,1,
13,"Aerobic Mesophilic._10_Cooked Chicken Breast_Galarz, L.A., Fonseca, G.G. and Prentice, C., 2016. Predicting bacterial growth in raw, salted, and cooked chicken breast fillets during storage. Food Science and Technology International, 22(6), pp.461-474._1",CFU,logistic,11,11,3,172.3642087622713,173.95578985346478,1987163.8973509953,0.8611564108058128,1,
13,"Aerobic Mesophilic._10_Cooked Chicken Breast_Galarz, L.A., Fonseca, G.G. and Prentice, C., 2016. Predicting bacterial growth in raw, salted, and cooked chicken breast fillets during storage. Food Science and Technology International, 22(6), pp.461-474._1",CFU,quadratic,11,11,3,181.5850127101107,183.1765938013042,4594975.157366245,0.6789480505572175,1,
14,"Aerobic Mesophilic._10_Raw Chicken Breast_Galarz, L.A., Fonseca, G.G. and Prentice, C., 2016. Predicting bacterial growth in raw, salted, and cooked chicken breast fillets during storage. Food Science and Technology International, 22(6), pp.461-474._1",CFU,cubic,10,10,4,113.51117130539139,115.02409677036161,18321.401879804012,0.9770222389320957,1,
14,"Aerobic Mesophilic._10_Raw Chicken Breast_Galarz, L.A., Fonseca, G.G. and Prentice, C., 2016. Predicting bacterial growth in raw, salted, and cooked chicken breast fillets during storage. Food Science and Technology International, 22(6), pp.461-474._1",CFU,logistic,10,10,3,110.67021301931001,111.8805533912862,16843.6553623813,0.9788755527024626,1,
14,"Aerobic Mesophilic._10_Raw Chicken Breast_Galarz, L.A., Fonseca, G.G. and Prentice, C., 2016. Predicting bacterial growth in raw, salted, and cooked chicken breast fillets during storage. Food Science and Technology International, 22(6), pp.461-474._1",CFU,quadratic,10,10,3,113.38410942216204,114.59444979413823,22095.27290224619,0.9722892437593655,1,
15,"Aerobic Mesophilic._10_Salted Chicken Breast_Galarz, L.A., Fonseca, G.G. and Prentice, C., 2016. Predicting bacterial growth in raw, salted, and cooked chicken breast fillets during storage. Food Science and Technology International, 22(6), pp.461-474._1",CFU,cubic,12,12,4,123.17154300774281,125.5960762566828,8760.353181938168,0.9701163698389564,1,
15,"Aerobic Mesophilic._10_Salted Chicken Breast_Galarz, L.A., Fonseca, G.G. and Prentice, C., 2016. Predicting bacterial growth in raw, salted, and cooked chicken breast fillets during storage. Food Science and Technology International, 22(6), pp.461-474._1",CFU,logistic,12,12,3,130.78843665660904,132.72806325576104,19523.99117038436,0.9333990628818275,1,
15,"Aerobic Mesophilic._10_Salted Chicken Breast_Galarz, L.A., Fonseca, G.G. and Prentice, C., 2016. Predicting bacterial growth in raw, salted, and cooked chicken breast fillets during storage. Food Science and Technology International, 22(6), pp.461-474._1",CFU,quadratic,12,12,3,144.93436490482117,146.87399150397317,63463.90885297866,0.7835096438067355,1,
16,"Aerobic Mesophilic._15_Cooked Chicken Breast_Galarz, L.A., Fonseca, G.G. and Prentice, C., 2016. Predicting bacterial growth in raw, salted, and cooked chicken breast fillets during storage. Food Science and Technology International, 22(6), pp.461-474._1",CFU,cubic,9,9,4,126.33071886165058,127.31684174833168,216421.4493422205,0.9857527439558333,1,
16,"Aerobic Mesophilic._15_Cooked Chicken Breast_Galarz, L.A., Fonseca, G.G. and Prentice, C., 2016. Predicting bacterial growth in raw, salted, and cooked chicken breast fillets during storage. Food Science and Technology International, 22(6), pp.461-474._1",CFU,logistic,9,9,3,78.52838655914644,79.31728486849131,1333.8635119854873,0.9999121903349183,1,
16,"Aerobic Mesophilic._15_Cooked Chicken Breast_Galarz, L.A., Fonseca, G.G. and Prentice, C., 2016. Predicting bacterial growth in raw, salted, and cooked chicken breast fillets during storage. Food Science and Technology International, 22(6), pp.461-474._1",CFU,quadratic,9,9,3,124.37591093688404,125.16480924622891,217510.90837288092,0.985681023699793,1,
17,"Aerobic Mesophilic._15_Raw Chicken Breast_Galarz, L.A., Fonseca, G.G. and Prentice, C., 2016. Predicting bacterial growth in raw, salted, and cooked chicken breast fillets during storage. Food Science and Technology International, 22(6), pp.461-474._1",CFU,cubic,9,9,4,114.42450968593128,115.41063257261239,57645.692764284875,0.9723393059002343,1,
17,"Aerobic Mesophilic._15_Raw Chicken Breast_Galarz, L.A., Fonseca, G.G. and Prentice, C., 2016. Predicting bacterial growth in raw, salted, and cooked chicken breast fillets during storage. Food Science and Technology International, 22(6), pp.461-474._1",CFU,logistic,9,9,3,113.09314146426877,113.88203977361364,62091.4283857049,0.9702060652854434,1,
17,"Aerobic Mesophilic._15_Raw Chicken Breast_Galarz, L.A., Fonseca, G.G. and Prentice, C., 2016. Predicting bacterial growth in raw, salted, and cooked chicken breast fillets during storage. Food Science and Technology International, 22(6), pp.461-474._1",CFU,quadratic,9,9,3,118.23926085915338,119.02815916849825,109991.04947501674,0.9472219236625151,1,
18,"Aerobic Mesophilic._15_Salted Chicken Breast_Galarz, L.A., Fonseca, G.G. and Prentice, C., 2016. Predicting bacterial growth in raw, salted, and cooked chicken breast fillets during storage. Food Science and Technology International, 22(6), pp.461-474._1",CFU,cubic,8,8,4,65.18578631712153,65.5829940255207,463.95509285882974,0.9980730045134846,1,
18,"Aerobic Mesophilic._15_Salted Chicken Breast_Galarz, L.A., Fonseca, G.G. and Prentice, C., 2016. Predicting bacterial growth in raw, salted, and cooked chicken breast fillets during storage. Food Science and Technology International, 22(6), pp.461-474._1",CFU,logistic,8,8,3,68.76479021065161,69.08255637737095,931.8419806035456,0.9961296786727697,1,
18,"Aerobic Mesophilic._15_Salted Chicken Breast_Galarz, L.A., Fonseca, G.G. and Prentice, C., 2016. Predicting bacterial growth in raw, salted, and cooked chicken breast fillets during storage. Food Science and Technology International, 22(6), pp.461-474._1",CFU,quadratic,8,8,3,69.9734196584631,70.29118582518244,1083.8143815213868,0.9954984750602841,1,
19,"Aerobic Mesophilic._20_Cooked Chicken Breast_Galarz, L.A., Fonseca, G.G. and Prentice, C., 2016. Predicting bacterial growth in raw, salted, and cooked chicken breast fillets during storage. Food Science and Technology International, 22(6), pp.461-474._1",CFU,cubic,10,10,4,131.50295949459573,133.01588495956597,110747.04170067159,0.9618616410172918,1,
19,"Aerobic Mesophilic._20_Cooked Chicken Breast_Galarz, L.A., Fonseca, G.G. and Prentice, C., 2016. Predicting bacterial growth in raw, salted, and cooked chicken breast fillets during storage. Food Science and Technology International, 22(6), pp.461-474._1",CFU,logistic,10,10,3,NA,NA,NA,NA,0,singular gradient matrix at initial parameter estimates
19,"Aerobic Mesophilic._20_Cooked Chicken Breast_Galarz, L.A., Fonseca, G.G. and Prentice, C., 2016. Predicting bacterial growth in raw, salted, and cooked chicken breast fillets during storage. Food Science and Technology International, 22(6), pp.461-474._1",CFU,quadratic,10,10,3,129.72967967138777,130.94002004336394,113286.58003678141,0.9609870910227675,1,
20,"Aerobic Mesophilic._20_Raw Chicken Breast_Galarz, L.A., Fonseca, G.G. and Prentice, C., 2016. Predicting bacterial growth in raw, salted, and cooked chicken breast fillets during storage. Food Science and Technology International, 22(6), pp.461-474._1",CFU,cubic,8,8,4,88.43162955457431,88.8288372629735,8480.444709698048,0.9652900775226507,1,
20,"Aerobic Mesophilic._20_Raw Chicken Breast_Galarz, L.A., Fonseca, G.G. and Prentice, C., 2016. Predicting bacterial growth in raw, salted, and cooked chicken breast fillets during storage. Food Science and Technology International, 22(6), pp.461-474._1",CFU,logistic,8,8,3,67.436610876513,67.75437704323234,789.2955468768821,0.9967694633734852,1,
20,"Aerobic Mesophilic._20_Raw Chicken Breast_Galarz, L.A., Fonseca, G.G. and Prentice, C., 2016. Predicting bacterial growth in raw, salted, and cooked chicken breast fillets during storage. Food Science and Technology International, 22(6), pp.461-474._1",CFU,quadratic,8,8,3,89.3603467754228,89.67811294214214,12229.518068210089,0.9499453579837055,1,
21,"Aerobic Mesophilic._20_Salted Chicken Breast_Galarz, L.A., Fonseca, G.G. and Prentice, C., 2016. Predicting bacterial growth in raw, salted, and cooked chicken breast fillets during storage. Food Science and Technology International, 22(6), pp.461-474._1",CFU,cubic,8,8,4,78.3931250979806,78.79033280637978,2418.021958787874,0.9863096723484084,1,
21,"Aerobic Mesophilic._20_Salted Chicken Breast_Galarz, L.A., Fonseca, G.G. and Prentice, C., 2016. Predicting bacterial growth in raw, salted, and cooked chicken breast fillets during storage. Food Science and Technology International, 22(6), pp.461-474._1",CFU,logistic,8,8,3,61.60491037823283,61.922676544952175,380.7634333917922,0.9978441981711813,1,
21,"Aerobic Mesophilic._20_Salted Chicken Breast_Galarz, L.A., Fonseca, G.G. and Prentice, C., 2016. Predicting bacterial growth in raw, salted, and cooked chicken breast fillets during storage. Food Science and Technology International, 22(6), pp.461-474._1",CFU,quadratic,8,8,3,84.56249497115893,84.88026113787826,6713.504317806314,0.9619895619776684,1,
22,"Aerobic Mesophilic._2_Cooked Chicken Breast_Galarz, L.A., Fonseca, G.G. and Prentice, C., 2016. Predicting bacterial growth in raw, salted, and cooked chicken breast fillets during storage. Food Science and Technology International, 22(6), pp.461-474._1",CFU,cubic,9,9,4,121.08885349658709,122.0749763832682,120879.9828405394,0.8178644236490304,1,
22,"Aerobic Mesophilic._2_Cooked Chicken Breast_Galarz, L.A., Fonseca, G.G. and Prentice, C., 2016. Predicting bacterial growth in raw, salted, and cooked chicken breast fillets during storage. Food Science and Technology International, 22(6), pp.461-474._1",CFU,logistic,9,9,3,105.31812522473439,106.10702353407926,26172.709791849873,0.9605643426596637,1,
22,"Aerobic Mesophilic._2_Cooked Chicken Breast_Galarz, L.A., Fonseca, G.G. and Prentice, C., 2016. Predicting bacterial growth in raw, salted, and cooked chicken breast fillets during storage. Food Science and Technology International, 22(6), pp.461-474._1",CFU,quadratic,9,9,3,120.99845892970794,121.78735723905281,149452.1922589571,0.7748133269516636,1,
23,"Aerobic Mesophilic._2_Raw Chicken Breast_Galarz, L.A., Fonseca, G.G. and Prentice, C., 2016. Predicting bacterial growth in raw, salted, and cooked chicken breast fillets during storage. Food Science and Technology International, 22(6), pp.461-474._1",CFU,cubic,10,10,4,104.86390378206812,106.37682924703836,7716.362897923245,0.9586539396570011,1,
23,"Aerobic Mesophilic._2_Raw Chicken Breast_Galarz, L.A., Fonseca, G.G. and Prentice, C., 2016. Predicting bacterial growth in raw, salted, and cooked chicken breast fillets during storage. Food Science and Technology International, 22(6), pp.461-474._1",CFU,logistic,10,10,3,77.23811153574371,78.4484519077199,594.9748764254276,0.9968119867522204,1,
23,"Aerobic Mesophilic._2_Raw Chicken Breast_Galarz, L.A., Fonseca, G.G. and Prentice, C., 2016. Predicting bacterial growth in raw, salted, and cooked chicken breast fillets during storage. Food Science and Technology International, 22(6), pp.461-474._1",CFU,quadratic,10,10,3,105.52230465471627,106.73264502669245,10066.19935628583,0.9460629714393468,1,
24,"Aerobic Mesophilic._2_Salted Chicken Breast_Galarz, L.A., Fonseca, G.G. and Prentice, C., 2016. Predicting bacterial growth in raw, salted, and cooked chicken breast fillets during storage. Food Science and Technology International, 22(6), pp.461-474._1",CFU,cubic,10,10,4,110.08538332108395,111.59830878605419,13007.044297096456,0.943573702890781,1,
24,"Aerobic Mesophilic._2_Salted Chicken Breast_Galarz, L.A., Fonseca, G.G. and Prentice, C., 2016. Predicting bacterial growth in raw, salted, and cooked chicken breast fillets during storage. Food Science and Technology International, 22(6), pp.461-474._1",CFU,logistic,10,10,3,52.806538580073635,54.01687895204982,51.695042366830755,0.9997757399949567,1,
24,"Aerobic Mesophilic._2_Salted Chicken Breast_Galarz, L.A., Fonseca, G.G. and Prentice, C., 2016. Predicting bacterial growth in raw, salted, and cooked chicken breast fillets during storage. Food Science and Technology International, 22(6), pp.461-474._1",CFU,quadratic,10,10,3,111.12189262864771,112.3322330006239,17621.892312688757,0.9235538752271026,1,
25,"Aerobic Mesophilic._4_Cooked Chicken Breast_Galarz, L.A., Fonseca, G.G. and Prentice, C., 2016. Predicting bacterial growth in raw, salted, and cooked chicken breast fillets during storage. Food Science and Technology International, 22(6), pp.461-474._1",CFU,cubic,6,6,4,119.76763361245752,118.72643095859779,30968713.314453654,0.7089789641154405,1,
25,"Aerobic Mesophilic._4_Cooked Chicken Breast_Galarz, L.A., Fonseca, G.G. and Prentice, C., 2016. Predicting bacterial growth in raw, salted, and cooked chicken breast fillets during storage. Food Science and Technology International, 22(6), pp.461-474._1",CFU,logistic,6,6,3,117.07298185884227,116.24001973575449,27583069.336510826,0.7407947392040809,1,
25,"Aerobic Mesophilic._4_Cooked Chicken Breast_Galarz, L.A., Fonseca, G.G. and Prentice, C., 2016. Predicting bacterial growth in raw, salted, and cooked chicken breast fillets during storage. Food Science and Technology International, 22(6), pp.461-474._1",CFU,quadratic,6,6,3,121.33942494086767,120.50646281777989,56164001.09032966,0.47221230631171196,1,
26,"Aerobic Mesophilic._4_Raw Chicken Breast_Galarz, L.A., Fonseca, G.G. and Prentice, C., 2016. Predicting bacterial growth in raw, salted, and cooked chicken breast fillets during storage. Food Science and Technology International, 22(6), pp.461-474._1",CFU,cubic,7,7,4,82.78992160297479,82.51947234825136,13448.102696769152,0.9450770287271819,1,
26,"Aerobic Mesophilic._4_Raw Chicken Breast_Galarz, L.A., Fonseca, G.G. and Prentice, C., 2016. Predicting bacterial growth in raw, salted, and cooked chicken breast fillets during storage. Food Science and Technology International, 22(6), pp.461-474._1",CFU,logistic,7,7,3,75.5632573327374,75.34689792895864,6373.646204029221,0.9739695929410843,1,
26,"Aerobic Mesophilic._4_Raw Chicken Breast_Galarz, L.A., Fonseca, G.G. and Prentice, C., 2016. Predicting bacterial growth in raw, salted, and cooked chicken breast fillets during storage. Food Science and Technology International, 22(6), pp.461-474._1",CFU,quadratic,7,7,3,88.8227693588821,88.60640995510335,42367.760696086516,0.8269671673340335,1,
27,"Aerobic Mesophilic._4_Salted Chicken Breast_Galarz, L.A., Fonseca, G.G. and Prentice, C., 2016. Predicting bacterial growth in raw, salted, and cooked chicken breast fillets during storage. Food Science and Technology International, 22(6), pp.461-474._1",CFU,cubic,7,7,4,91.86922209721934,91.5987728424959,49199.37697997509,0.9566176139876085,1,
27,"Aerobic Mesophilic._4_Salted Chicken Breast_Galarz, L.A., Fonseca, G.G. and Prentice, C., 2016. Predicting bacterial growth in raw, salted, and cooked chicken breast fillets during storage. Food Science and Technology International, 22(6), pp.461-474._1",CFU,logistic,7,7,3,45.62040197356816,45.40404256978941,88.44458712481504,0.9999220124835947,1,
27,"Aerobic Mesophilic._4_Salted Chicken Breast_Galarz, L.A., Fonseca, G.G. and Prentice, C., 2016. Predicting bacterial growth in raw, salted, and cooked chicken breast fillets during storage. Food Science and Technology International, 22(6), pp.461-474._1",CFU,quadratic,7,7,3,96.65931714814755,96.4429577443688,129786.98623510942,0.8855581212231987,1,
28,"Aerobic Mesophilic._7_Cooked Chicken Breast_Galarz, L.A., Fonseca, G.G. and Prentice, C., 2016. Predicting bacterial growth in raw, salted, and cooked chicken breast fillets during storage. Food Science and Technology International, 22(6), pp.461-474._1",CFU,cubic,12,12,4,217.59742069989306,220.02195394883307,22903828.585799564,0.7446682556233127,1,
28,"Aerobic Mesophilic._7_Cooked Chicken Breast_Galarz, L.A., Fonseca, G.G. and Prentice, C., 2016. Predicting bacterial growth in raw, salted, and cooked chicken breast fillets during storage. Food Science and Technology International, 22(6), pp.461-474._1",CFU,logistic,12,12,3,203.71431157353766,205.65393817268966,8508324.097484943,0.9051492537417978,1,
28,"Aerobic Mesophilic._7_Cooked Chicken Breast_Galarz, L.A., Fonseca, G.G. and Prentice, C., 2016. Predicting bacterial growth in raw, salted, and cooked chicken breast fillets during storage. Food Science and Technology International, 22(6), pp.461-474._1",CFU,quadratic,12,12,3,215.67043882148675,217.61006542063876,23043619.66963389,0.7431098654550482,1,
29,"Aerobic Mesophilic._7_Raw Chicken Breast_Galarz, L.A., Fonseca, G.G. and Prentice, C., 2016. Predicting bacterial growth in raw, salted, and cooked chicken breast fillets during storage. Food Science and Technology International, 22(6), pp.461-474._1",CFU,cubic,14,14,4,220.94731117294893,224.14259782102522,2867196.68903169,0.6945008390120675,1,
29,"Aerobic Mesophilic._7_Raw Chicken Breast_Galarz, L.A., Fonseca, G.G. and Prentice, C., 2016. Predicting bacterial growth in raw, salted, and cooked chicken breast fillets during storage. Food Science and Technology International, 22(6), pp.461-474._1",CFU,logistic,14,14,3,213.55474771086378,216.1109770293248,1950628.6097249137,0.7921609612798238,1,
29,"Aerobic Mesophilic._7_Raw Chicken Breast_Galarz, L.A., Fonseca, G.G. and Prentice, C., 2016. Predicting bacterial growth in raw, salted, and cooked chicken breast fillets during storage. Food Science and Technology International, 22(6), pp.461-474._1",CFU,quadratic,14,14,3,220.9935691698344,223.5497984882954,3318444.252693669,0.6464205128091449,1,
30,"Aerobic Mesophilic._7_Salted Chicken Breast_Galarz, L.A., Fonseca, G.G. and Prentice, C., 2016. Predicting bacterial growth in raw, salted, and cooked chicken breast fillets during storage. Food Science and Technology International, 22(6), pp.461-474._1",CFU,cubic,14,14,4,176.04487669767985,179.24016334575614,116021.24487046579,0.9803254561606694,1,
30,"Aerobic Mesophilic._7_Salted Chicken Breast_Galarz, L.A., Fonseca, G.G. and Prentice, C., 2016. Predicting bacterial growth in raw, salted, and cooked chicken breast fillets during storage. Food Science and Technology International, 22(6), pp.461-474._1",CFU,logistic,14,14,3,171.5115376468751,174.06776696533612,96816.79975663214,0.9835820898722278,1,
30,"Aerobic Mesophilic._7_Salted Chicken Breast_Galarz, L.A., Fonseca, G.G. and Prentice, C., 2016. Predicting bacterial growth in raw, salted, and cooked chicken breast fillets during storage. Food Science and Technology International, 22(6), pp.461-474._1",CFU,quadratic,14,14,3,188.68266589589018,191.2388952143512,330078.2313536225,0.9440262975938064,1,
31,"Aerobic Psychotropic._10_Cooked Chicken Breast_Galarz, L.A., Fonseca, G.G. and Prentice, C., 2016. Predicting bacterial growth in raw, salted, and cooked chicken breast fillets during storage. Food Science and Technology International, 22(6), pp.461-474._1",CFU,cubic,12,12,4,139.9221929301548,142.34672617909482,35379.187207299576,0.9808345051375035,1,
31,"Aerobic Psychotropic._10_Cooked Chicken Breast_Galarz, L.A., Fonseca, G.G. and Prentice, C., 2016. Predicting bacterial growth in raw, salted, and cooked chicken breast fillets during storage. Food Science and Technology International, 22(6), pp.461-474._1",CFU,logistic,12,12,3,134.46265546606367,136.40228206521567,26518.137333788432,0.9856346834127144,1,
31,"Aerobic Psychotropic._10_Cooked Chicken Breast_Galarz, L.A., Fonseca, G.G. and Prentice, C., 2016. Predicting bacterial growth in raw, salted, and cooked chicken breast fillets during storage. Food Science and Technology International, 22(6), pp.461-474._1",CFU,quadratic,12,12,3,141.37643833898673,143.31606493813874,47180.35032849042,0.9744416185557563,1,
32,"Aerobic Psychotropic._10_Raw Chicken Breast_Galarz, L.A., Fonseca, G.G. and Prentice, C., 2016. Predicting bacterial growth in raw, salted, and cooked chicken breast fillets during storage. Food Science and Technology International, 22(6), pp.461-474._1",CFU,cubic,12,12,4,134.80137276235033,137.22590601129033,23089.747809918328,0.9141393875296442,1,
32,"Aerobic Psychotropic._10_Raw Chicken Breast_Galarz, L.A., Fonseca, G.G. and Prentice, C., 2016. Predicting bacterial growth in raw, salted, and cooked chicken breast fillets during storage. Food Science and Technology International, 22(6), pp.461-474._1",CFU,logistic,12,12,3,131.56275904199936,133.50238564115136,20825.347846563815,0.9225596946430876,1,
32,"Aerobic Psychotropic._10_Raw Chicken Breast_Galarz, L.A., Fonseca, G.G. and Prentice, C., 2016. Predicting bacterial growth in raw, salted, and cooked chicken breast fillets during storage. Food Science and Technology International, 22(6), pp.461-474._1",CFU,quadratic,12,12,3,139.14254299675946,141.08216959591147,39166.41244489786,0.8543573455860368,1,
33,"Aerobic Psychotropic._10_Salted Chicken Breast_Galarz, L.A., Fonseca, G.G. and Prentice, C., 2016. Predicting bacterial growth in raw, salted, and cooked chicken breast fillets during storage. Food Science and Technology International, 22(6), pp.461-474._1",CFU,cubic,12,12,4,146.50539365889588,148.9299269078359,61235.29726590195,0.8879639449328879,1,
33,"Aerobic Psychotropic._10_Salted Chicken Breast_Galarz, L.A., Fonseca, G.G. and Prentice, C., 2016. Predicting bacterial growth in raw, salted, and cooked chicken breast fillets during storage. Food Science and Technology International, 22(6), pp.461-474._1",CFU,logistic,12,12,3,141.94141281743504,143.88103941658704,49454.779463715044,0.909517571683057,1,
33,"Aerobic Psychotropic._10_Salted Chicken Breast_Galarz, L.A., Fonseca, G.G. and Prentice, C., 2016. Predicting bacterial growth in raw, salted, and cooked chicken breast fillets during storage. Food Science and Technology International, 22(6), pp.461-474._1",CFU,quadratic,12,12,3,149.96813762212662,151.90776422127863,96539.51820302011,0.8233713681411534,1,
34,"Aerobic Psychotropic._15_Cooked Chicken Breast_Galarz, L.A., Fonseca, G.G. and Prentice, C., 2016. Predicting bacterial growth in raw, salted, and cooked chicken breast fillets during storage. Food Science and Technology International, 22(6), pp.461-474._1",CFU,cubic,9,9,4,124.47449054739894,125.46061343408005,176087.3309487196,0.9255239433861693,1,
34,"Aerobic Psychotropic._15_Cooked Chicken Breast_Galarz, L.A., Fonseca, G.G. and Prentice, C., 2016. Predicting bacterial growth in raw, salted, and cooked chicken breast fillets during storage. Food Science and Technology International, 22(6), pp.461-474._1",CFU,logistic,9,9,3,82.69873082119508,83.48762913053996,2120.074462902128,0.9991033154692395,1,
34,"Aerobic Psychotropic._15_Cooked Chicken Breast_Galarz, L.A., Fonseca, G.G. and Prentice, C., 2016. Predicting bacterial growth in raw, salted, and cooked chicken breast fillets during storage. Food Science and Technology International, 22(6), pp.461-474._1",CFU,quadratic,9,9,3,125.98216426756956,126.77106257691443,260010.3908456765,0.8900287233358871,1,
35,"Aerobic Psychotropic._15_Raw Chicken Breast_Galarz, L.A., Fonseca, G.G. and Prentice, C., 2016. Predicting bacterial growth in raw, salted, and cooked chicken breast fillets during storage. Food Science and Technology International, 22(6), pp.461-474._1",CFU,cubic,10,10,4,141.50474420633128,143.01766967130152,301095.4030655156,0.9041708526180947,1,
35,"Aerobic Psychotropic._15_Raw Chicken Breast_Galarz, L.A., Fonseca, G.G. and Prentice, C., 2016. Predicting bacterial growth in raw, salted, and cooked chicken breast fillets during storage. Food Science and Technology International, 22(6), pp.461-474._1",CFU,logistic,10,10,3,87.8501369907248,89.060477362701,1719.3846181734143,0.9994527742359943,1,
35,"Aerobic Psychotropic._15_Raw Chicken Breast_Galarz, L.A., Fonseca, G.G. and Prentice, C., 2016. Predicting bacterial growth in raw, salted, and cooked chicken breast fillets during storage. Food Science and Technology International, 22(6), pp.461-474._1",CFU,quadratic,10,10,3,141.72752986090703,142.9378702328832,376043.84050970693,0.8803171345448231,1,
36,"Aerobic Psychotropic._15_Salted Chicken Breast_Galarz, L.A., Fonseca, G.G. and Prentice, C., 2016. Predicting bacterial growth in raw, salted, and cooked chicken breast fillets during storage. Food Science and Technology International, 22(6), pp.461-474._1",CFU,cubic,9,9,4,66.70233686693385,67.68845975361494,287.0358620433845,0.9974779640956742,1,
36,"Aerobic Psychotropic._15_Salted Chicken Breast_Galarz, L.A., Fonseca, G.G. and Prentice, C., 2016. Predicting bacterial growth in raw, salted, and cooked chicken breast fillets during storage. Food Science and Technology International, 22(6), pp.461-474._1",CFU,logistic,9,9,3,61.74098421298454,62.52988252232942,206.5552599026882,0.9981851055892689,1,
36,"Aerobic Psychotropic._15_Salted Chicken Breast_Galarz, L.A., Fonseca, G.G. and Prentice, C., 2016. Predicting bacterial growth in raw, salted, and cooked chicken breast fillets during storage. Food Science and Technology International, 22(6), pp.461-474._1",CFU,quadratic,9,9,3,69.45968738702283,70.24858569636771,486.96958388338805,0.9957212497207654,1,
37,"Aerobic Psychotropic._20_Cooked Chicken Breast_Galarz, L.A., Fonseca, G.G. and Prentice, C., 2016. Predicting bacterial growth in raw, salted, and cooked chicken breast fillets during storage. Food Science and Technology International, 22(6), pp.461-474._1",CFU,cubic,9,9,4,108.85889513945826,109.84501802613936,31059.785574496233,0.8963406653879116,1,
37,"Aerobic Psychotropic._20_Cooked Chicken Breast_Galarz, L.A., Fonseca, G.G. and Prentice, C., 2016. Predicting bacterial growth in raw, salted, and cooked chicken breast fillets during storage. Food Science and Technology International, 22(6), pp.461-474._1",CFU,logistic,9,9,3,82.67246327830782,83.46136158765269,2113.8958008721597,0.9929450565061974,1,
37,"Aerobic Psychotropic._20_Cooked Chicken Breast_Galarz, L.A., Fonseca, G.G. and Prentice, C., 2016. Predicting bacterial growth in raw, salted, and cooked chicken breast fillets during storage. Food Science and Technology International, 22(6), pp.461-474._1",CFU,quadratic,9,9,3,106.9279790655244,107.71687737486927,31299.117613661067,0.8955419155101418,1,
38,"Aerobic Psychotropic._20_Raw Chicken Breast_Galarz, L.A., Fonseca, G.G. and Prentice, C., 2016. Predicting bacterial growth in raw, salted, and cooked chicken breast fillets during storage. Food Science and Technology International, 22(6), pp.461-474._1",CFU,cubic,8,8,4,101.00195420943868,101.39916191783786,40815.15556931662,0.8953960115709927,1,
38,"Aerobic Psychotropic._20_Raw Chicken Breast_Galarz, L.A., Fonseca, G.G. and Prentice, C., 2016. Predicting bacterial growth in raw, salted, and cooked chicken breast fillets during storage. Food Science and Technology International, 22(6), pp.461-474._1",CFU,logistic,8,8,3,74.86118210399064,75.17894827070998,1996.6224126935385,0.9948829138382238,1,
38,"Aerobic Psychotropic._20_Raw Chicken Breast_Galarz, L.A., Fonseca, G.G. and Prentice, C., 2016. Predicting bacterial growth in raw, salted, and cooked chicken breast fillets during storage. Food Science and Technology International, 22(6), pp.461-474._1",CFU,quadratic,8,8,3,100.09038192925354,100.40814809597288,46763.68487251711,0.8801506968901546,1,
39,"Aerobic Psychotropic._20_Salted Chicken Breast_Galarz, L.A., Fonseca, G.G. and Prentice, C., 2016. Predicting bacterial growth in raw, salted, and cooked chicken breast fillets during storage. Food Science and Technology International, 22(6), pp.461-474._1",CFU,cubic,6,6,4,66.21199688873192,65.17079423487219,4115.635560744551,0.944080077481681,1,
39,"Aerobic Psychotropic._20_Salted Chicken Breast_Galarz, L.A., Fonseca, G.G. and Prentice, C., 2016. Predicting bacterial growth in raw, salted, and cooked chicken breast fillets during storage. Food Science and Technology International, 22(6), pp.461-474._1",CFU,logistic,6,6,3,53.174367790249235,52.34140566716145,653.8929814846376,0.9911154317917112,1,
39,"Aerobic Psychotropic._20_Salted Chicken Breast_Galarz, L.A., Fonseca, G.G. and Prentice, C., 2016. Predicting bacterial growth in raw, salted, and cooked chicken breast fillets during storage. Food Science and Technology International, 22(6), pp.461-474._1",CFU,quadratic,6,6,3,66.71796453902974,65.88500241594197,6249.206820709222,0.9150908392987567,1,
40,"Aerobic Psychotropic._2_Cooked Chicken Breast_Galarz, L.A., Fonseca, G.G. and Prentice, C., 2016. Predicting bacterial growth in raw, salted, and cooked chicken breast fillets during storage. Food Science and Technology International, 22(6), pp.461-474._1",CFU,cubic,9,9,4,96.44766620326561,97.43378908994671,7821.594834168897,0.9982913224378017,1,
40,"Aerobic Psychotropic._2_Cooked Chicken Breast_Galarz, L.A., Fonseca, G.G. and Prentice, C., 2016. Predicting bacterial growth in raw, salted, and cooked chicken breast fillets during storage. Food Science and Technology International, 22(6), pp.461-474._1",CFU,logistic,9,9,3,120.86001107098406,121.64890938032893,147170.74775472295,0.9678496061440197,1,
40,"Aerobic Psychotropic._2_Cooked Chicken Breast_Galarz, L.A., Fonseca, G.G. and Prentice, C., 2016. Predicting bacterial growth in raw, salted, and cooked chicken breast fillets during storage. Food Science and Technology International, 22(6), pp.461-474._1",CFU,quadratic,9,9,3,121.19001997598372,121.97891828532859,152667.311336473,0.9666488465725441,1,
41,"Aerobic Psychotropic._2_Raw Chicken Breast_Galarz, L.A., Fonseca, G.G. and Prentice, C., 2016. Predicting bacterial growth in raw, salted, and cooked chicken breast fillets during storage. Food Science and Technology International, 22(6), pp.461-474._1",CFU,cubic,10,10,4,111.82146227918139,113.33438774415163,15473.037228286523,0.9690227748638217,1,
41,"Aerobic Psychotropic._2_Raw Chicken Breast_Galarz, L.A., Fonseca, G.G. and Prentice, C., 2016. Predicting bacterial growth in raw, salted, and cooked chicken breast fillets during storage. Food Science and Technology International, 22(6), pp.461-474._1",CFU,logistic,10,10,3,76.89814518664679,78.10848555862297,575.0876967468187,0.9988486668265358,1,
41,"Aerobic Psychotropic._2_Raw Chicken Breast_Galarz, L.A., Fonseca, G.G. and Prentice, C., 2016. Predicting bacterial growth in raw, salted, and cooked chicken breast fillets during storage. Food Science and Technology International, 22(6), pp.461-474._1",CFU,quadratic,10,10,3,114.51899665753184,115.72933702950803,24750.66638641192,0.9504488386080601,1,
42,"Aerobic Psychotropic._2_Salted Chicken Breast_Galarz, L.A., Fonseca, G.G. and Prentice, C., 2016. Predicting bacterial growth in raw, salted, and cooked chicken breast fillets during storage. Food Science and Technology International, 22(6), pp.461-474._1",CFU,cubic,10,10,4,83.67344106448016,85.1863665294504,927.0913765450828,0.9948274682713425,1,
42,"Aerobic Psychotropic._2_Salted Chicken Breast_Galarz, L.A., Fonseca, G.G. and Prentice, C., 2016. Predicting bacterial growth in raw, salted, and cooked chicken breast fillets during storage. Food Science and Technology International, 22(6), pp.461-474._1",CFU,logistic,10,10,3,86.28995474552097,87.50029511749716,1471.008503192092,0.9917927851036201,1,
42,"Aerobic Psychotropic._2_Salted Chicken Breast_Galarz, L.A., Fonseca, G.G. and Prentice, C., 2016. Predicting bacterial growth in raw, salted, and cooked chicken breast fillets during storage. Food Science and Technology International, 22(6), pp.461-474._1",CFU,quadratic,10,10,3,91.80128551310038,93.01162588507657,2552.5204911844826,0.9857586926567014,1,
43,"Aerobic Psychotropic._4_Cooked Chicken Breast_Galarz, L.A., Fonseca, G.G. and Prentice, C., 2016. Predicting bacterial growth in raw, salted, and cooked chicken breast fillets during storage. Food Science and Technology International, 22(6), pp.461-474._1",CFU,cubic,7,7,4,111.5128379573186,111.24238870259516,814123.274626652,0.9031143751013901,1,
43,"Aerobic Psychotropic._4_Cooked Chicken Breast_Galarz, L.A., Fonseca, G.G. and Prentice, C., 2016. Predicting bacterial growth in raw, salted, and cooked chicken breast fillets during storage. Food Science and Technology International, 22(6), pp.461-474._1",CFU,logistic,7,7,3,84.30540312452814,84.08904372074939,22221.264229196735,0.9973555343054525,1,
43,"Aerobic Psychotropic._4_Cooked Chicken Breast_Galarz, L.A., Fonseca, G.G. and Prentice, C., 2016. Predicting bacterial growth in raw, salted, and cooked chicken breast fillets during storage. Food Science and Technology International, 22(6), pp.461-474._1",CFU,quadratic,7,7,3,110.1821877452253,109.96582834144655,895814.3526814114,0.8933926395944352,1,
44,"Aerobic Psychotropic._4_Raw Chicken Breast_Galarz, L.A., Fonseca, G.G. and Prentice, C., 2016. Predicting bacterial growth in raw, salted, and cooked chicken breast fillets during storage. Food Science and Technology International, 22(6), pp.461-474._1",CFU,cubic,6,6,4,82.87046986416382,81.8292672103041,66102.42509966437,0.9570901801098478,1,
44,"Aerobic Psychotropic._4_Raw Chicken Breast_Galarz, L.A., Fonseca, G.G. and Prentice, C., 2016. Predicting bacterial growth in raw, salted, and cooked chicken breast fillets during storage. Food Science and Technology International, 22(6), pp.461-474._1",CFU,logistic,6,6,3,85.36219931421405,84.52923719112627,139746.07273132642,0.9092850405682351,1,
44,"Aerobic Psychotropic._4_Raw Chicken Breast_Galarz, L.A., Fonseca, G.G. and Prentice, C., 2016. Predicting bacterial growth in raw, salted, and cooked chicken breast fillets during storage. Food Science and Technology International, 22(6), pp.461-474._1",CFU,quadratic,6,6,3,90.30500465803867,89.47204253495089,318501.72791946353,0.793247346687802,1,
45,"Aerobic Psychotropic._4_Salted Chicken Breast_Galarz, L.A., Fonseca, G.G. and Prentice, C., 2016. Predicting bacterial growth in raw, salted, and cooked chicken breast fillets during storage. Food Science and Technology International, 22(6), pp.461-474._1",CFU,cubic,6,6,4,67.53097483800113,66.48977218414142,5127.524197784302,0.9813885117463201,1,
45,"Aerobic Psychotropic._4_Salted Chicken Breast_Galarz, L.A., Fonseca, G.G. and Prentice, C., 2016. Predicting bacterial growth in raw, salted, and cooked chicken breast fillets during storage. Food Science and Technology International, 22(6), pp.461-474._1",CFU,logistic,6,6,3,51.1204673692871,50.287505246199316,464.344607137534,0.998314558085336,1,
45,"Aerobic Psychotropic._4_Salted Chicken Breast_Galarz, L.A., Fonseca, G.G. and Prentice, C., 2016. Predicting bacterial growth in raw, salted, and cooked chicken breast fillets during storage. Food Science and Technology International, 22(6), pp.461-474._1",CFU,quadratic,6,6,3,76.5591709493761,75.72620882628831,32222.19869211276,0.8830423710676706,1,
46,"Aerobic Psychotropic._7_Cooked Chicken Breast_Galarz, L.A., Fonseca, G.G. and Prentice, C., 2016. Predicting bacterial growth in raw, salted, and cooked chicken breast fillets during storage. Food Science and Technology International, 22(6), pp.461-474._1",CFU,cubic,14,14,4,185.69275313988132,188.8880397879576,231113.13472863077,0.9386055149496367,1,
46,"Aerobic Psychotropic._7_Cooked Chicken Breast_Galarz, L.A., Fonseca, G.G. and Prentice, C., 2016. Predicting bacterial growth in raw, salted, and cooked chicken breast fillets during storage. Food Science and Technology International, 22(6), pp.461-474._1",CFU,logistic,14,14,3,162.65163922214145,165.20786854060248,51417.09182414019,0.9863412095593922,1,
46,"Aerobic Psychotropic._7_Cooked Chicken Breast_Galarz, L.A., Fonseca, G.G. and Prentice, C., 2016. Predicting bacterial growth in raw, salted, and cooked chicken breast fillets during storage. Food Science and Technology International, 22(6), pp.461-474._1",CFU,quadratic,14,14,3,188.11049935536548,190.6667286738265,316860.1953497228,0.9158270751279641,1,
47,"Aerobic Psychotropic._7_Raw Chicken Breast_Galarz, L.A., Fonseca, G.G. and Prentice, C., 2016. Predicting bacterial growth in raw, salted, and cooked chicken breast fillets during storage. Food Science and Technology International, 22(6), pp.461-474._1",CFU,cubic,13,13,4,206.32153212847498,209.14627891578266,2754450.729961727,0.5287263713570106,1,
47,"Aerobic Psychotropic._7_Raw Chicken Breast_Galarz, L.A., Fonseca, G.G. and Prentice, C., 2016. Predicting bacterial growth in raw, salted, and cooked chicken breast fillets during storage. Food Science and Technology International, 22(6), pp.461-474._1",CFU,logistic,13,13,3,202.13150683882134,204.39130426866748,2327406.5217366936,0.6017916367516761,1,
47,"Aerobic Psychotropic._7_Raw Chicken Breast_Galarz, L.A., Fonseca, G.G. and Prentice, C., 2016. Predicting bacterial growth in raw, salted, and cooked chicken breast fillets during storage. Food Science and Technology International, 22(6), pp.461-474._1",CFU,quadratic,13,13,3,206.11265818183125,208.3724556116774,3161343.1281364006,0.45910898634838826,1,
48,"Aerobic Psychotropic._7_Salted Chicken Breast_Galarz, L.A., Fonseca, G.G. and Prentice, C., 2016. Predicting bacterial growth in raw, salted, and cooked chicken breast fillets during storage. Food Science and Technology International, 22(6), pp.461-474._1",CFU,cubic,15,15,4,182.4610191027096,186.00127010822064,86471.86744810645,0.9454430944375364,1,
48,"Aerobic Psychotropic._7_Salted Chicken Breast_Galarz, L.A., Fonseca, G.G. and Prentice, C., 2016. Predicting bacterial growth in raw, salted, and cooked chicken breast fillets during storage. Food Science and Technology International, 22(6), pp.461-474._1",CFU,logistic,15,15,3,179.2869126573814,182.11911346179025,79961.5077856027,0.9495506161988543,1,
48,"Aerobic Psychotropic._7_Salted Chicken Breast_Galarz, L.A., Fonseca, G.G. and Prentice, C., 2016. Predicting bacterial growth in raw, salted, and cooked chicken breast fillets during storage. Food Science and Technology International, 22(6), pp.461-474._1",CFU,quadratic,15,15,3,182.22889379829192,185.06109460270076,97288.17420257212,0.9386188608046482,1,
49,"Arthrobacter aurescens_0_TGE agar_Roth, N.G. and Wheaton, R.B., 1962. Continuity of psychrophilic and mesophilic growth characteristics in the genus Arthrobacter. Journal of bacteriology, 83(3), pp.551-555._1",CFU,cubic,17,17,4,132.5130850164719,136.679151736753,1342.0966541966172,0.9770783062020394,1,
49,"Arthrobacter aurescens_0_TGE agar_Roth, N.G. and Wheaton, R.B., 1962. Continuity of psychrophilic and mesophilic growth characteristics in the genus Arthrobacter. Journal of bacteriology, 83(3), pp.551-555._1",CFU,logistic,17,17,3,117.83941348727416,121.17226686349902,636.8144000934197,0.9891238349790753,1,
49,"Arthrobacter aurescens_0_TGE agar_Roth, N.G. and Wheaton, R.B., 1962. Continuity of psychrophilic and mesophilic growth characteristics in the genus Arthrobacter. Journal of bacteriology, 83(3), pp.551-555._1",CFU,quadratic,17,17,3,160.25180228063587,163.58465565686075,7718.108863145994,0.8681822747212955,1,
50,"Arthrobacter aurescens_20_TGE agar_Roth, N.G. and Wheaton, R.B., 1962. Continuity of psychrophilic and mesophilic growth characteristics in the genus Arthrobacter. Journal of bacteriology, 83(3), pp.551-555._1",CFU,cubic,8,8,4,82.45667265354635,82.85388036194553,4018.4380324390895,0.9551000225827212,1,
50,"Arthrobacter aurescens_20_TGE agar_Roth, N.G. and Wheaton, R.B., 1962. Continuity of psychrophilic and mesophilic growth characteristics in the genus Arthrobacter. Journal of bacteriology, 83(3), pp.551-555._1",CFU,logistic,8,8,3,75.95895237647585,76.27671854319519,2290.2895333419174,0.9744094726617784,1,
50,"Arthrobacter aurescens_20_TGE agar_Roth, N.G. and Wheaton, R.B., 1962. Continuity of psychrophilic and mesophilic growth characteristics in the genus Arthrobacter. Journal of bacteriology, 83(3), pp.551-555._1",CFU,quadratic,8,8,3,81.01469639332396,81.3324625600433,4308.743134464372,0.9518563014105064,1,
51,"Arthrobacter aurescens_30_TGE agar_Roth, N.G. and Wheaton, R.B., 1962. Continuity of psychrophilic and mesophilic growth characteristics in the genus Arthrobacter. Journal of bacteriology, 83(3), pp.551-555._1",CFU,cubic,5,5,4,53.05713182147697,51.10432138364747,1608.3871896227536,0.9950500646952297,1,
51,"Arthrobacter aurescens_30_TGE agar_Roth, N.G. and Wheaton, R.B., 1962. Continuity of psychrophilic and mesophilic growth characteristics in the genus Arthrobacter. Journal of bacteriology, 83(3), pp.551-555._1",CFU,logistic,5,5,3,NA,NA,NA,NA,0,Insufficient data for logistic
51,"Arthrobacter aurescens_30_TGE agar_Roth, N.G. and Wheaton, R.B., 1962. Continuity of psychrophilic and mesophilic growth characteristics in the genus Arthrobacter. Journal of bacteriology, 83(3), pp.551-555._1",CFU,quadratic,5,5,3,59.93829206194497,58.37604371168137,9501.635858666314,0.9707579847108112,1,
52,"Arthrobacter aurescens_37_TGE agar_Roth, N.G. and Wheaton, R.B., 1962. Continuity of psychrophilic and mesophilic growth characteristics in the genus Arthrobacter. Journal of bacteriology, 83(3), pp.551-555._1",CFU,cubic,8,8,4,46.17053959428533,46.56774730268451,43.072378627540054,0.9832214829726198,1,
52,"Arthrobacter aurescens_37_TGE agar_Roth, N.G. and Wheaton, R.B., 1962. Continuity of psychrophilic and mesophilic growth characteristics in the genus Arthrobacter. Journal of bacteriology, 83(3), pp.551-555._1",CFU,logistic,8,8,3,37.90714263383116,38.224908800550494,19.686976081518992,0.9923310884161343,1,
52,"Arthrobacter aurescens_37_TGE agar_Roth, N.G. and Wheaton, R.B., 1962. Continuity of psychrophilic and mesophilic growth characteristics in the genus Arthrobacter. Journal of bacteriology, 83(3), pp.551-555._1",CFU,quadratic,8,8,3,51.72997856964358,52.04774473636292,110.80942085611825,0.9568350341014193,1,
53,"Arthrobacter aurescens_7_TGE agar_Roth, N.G. and Wheaton, R.B., 1962. Continuity of psychrophilic and mesophilic growth characteristics in the genus Arthrobacter. Journal of bacteriology, 83(3), pp.551-555._1",CFU,cubic,11,11,4,117.54790505746904,119.53738142146089,11351.446779446547,0.9813962601188742,1,
53,"Arthrobacter aurescens_7_TGE agar_Roth, N.G. and Wheaton, R.B., 1962. Continuity of psychrophilic and mesophilic growth characteristics in the genus Arthrobacter. Journal of bacteriology, 83(3), pp.551-555._1",CFU,logistic,11,11,3,109.16159630521369,110.75317739640718,6352.012440286547,0.9895897686473999,1,
53,"Arthrobacter aurescens_7_TGE agar_Roth, N.G. and Wheaton, R.B., 1962. Continuity of psychrophilic and mesophilic growth characteristics in the genus Arthrobacter. Journal of bacteriology, 83(3), pp.551-555._1",CFU,quadratic,11,11,3,126.39831916481168,127.98990025600517,30439.663787515987,0.9501128271862908,1,
54,"Arthrobacter citreus_0_TGE agar_Roth, N.G. and Wheaton, R.B., 1962. Continuity of psychrophilic and mesophilic growth characteristics in the genus Arthrobacter. Journal of bacteriology, 83(3), pp.551-555._1",CFU,cubic,14,14,4,85.71517457673504,88.91046122481133,182.98551902271632,0.9772310282448998,1,
54,"Arthrobacter citreus_0_TGE agar_Roth, N.G. and Wheaton, R.B., 1962. Continuity of psychrophilic and mesophilic growth characteristics in the genus Arthrobacter. Journal of bacteriology, 83(3), pp.551-555._1",CFU,logistic,14,14,3,74.57845611052107,77.13468542898211,95.27660295251134,0.9881446887538772,1,
54,"Arthrobacter citreus_0_TGE agar_Roth, N.G. and Wheaton, R.B., 1962. Continuity of psychrophilic and mesophilic growth characteristics in the genus Arthrobacter. Journal of bacteriology, 83(3), pp.551-555._1",CFU,quadratic,14,14,3,106.98012037251891,109.53634969097995,964.0940588220919,0.8800373356765189,1,
55,"Arthrobacter citreus_20_TGE agar_Roth, N.G. and Wheaton, R.B., 1962. Continuity of psychrophilic and mesophilic growth characteristics in the genus Arthrobacter. Journal of bacteriology, 83(3), pp.551-555._1",CFU,cubic,8,8,4,83.92193615681174,84.31914386521092,4826.160460830898,0.9884867307238556,1,
55,"Arthrobacter citreus_20_TGE agar_Roth, N.G. and Wheaton, R.B., 1962. Continuity of psychrophilic and mesophilic growth characteristics in the genus Arthrobacter. Journal of bacteriology, 83(3), pp.551-555._1",CFU,logistic,8,8,3,77.18347308037869,77.50123924709803,2669.105323255667,0.9936325929147117,1,
55,"Arthrobacter citreus_20_TGE agar_Roth, N.G. and Wheaton, R.B., 1962. Continuity of psychrophilic and mesophilic growth characteristics in the genus Arthrobacter. Journal of bacteriology, 83(3), pp.551-555._1",CFU,quadratic,8,8,3,90.36034322473462,90.67810939145396,13857.853330129205,0.9669407599946184,1,
56,"Arthrobacter citreus_30_TGE agar_Roth, N.G. and Wheaton, R.B., 1962. Continuity of psychrophilic and mesophilic growth characteristics in the genus Arthrobacter. Journal of bacteriology, 83(3), pp.551-555._1",CFU,cubic,9,9,4,81.02337968479765,82.00950257147875,1409.2798984146646,0.9754180655728207,1,
56,"Arthrobacter citreus_30_TGE agar_Roth, N.G. and Wheaton, R.B., 1962. Continuity of psychrophilic and mesophilic growth characteristics in the genus Arthrobacter. Journal of bacteriology, 83(3), pp.551-555._1",CFU,logistic,9,9,3,77.45652576555098,78.24542407489585,1184.101173820047,0.9793458365206698,1,
56,"Arthrobacter citreus_30_TGE agar_Roth, N.G. and Wheaton, R.B., 1962. Continuity of psychrophilic and mesophilic growth characteristics in the genus Arthrobacter. Journal of bacteriology, 83(3), pp.551-555._1",CFU,quadratic,9,9,3,81.67225175998739,82.46115006933226,1891.552618409824,0.9670058286621299,1,
57,"Arthrobacter citreus_37_TGE agar_Roth, N.G. and Wheaton, R.B., 1962. Continuity of psychrophilic and mesophilic growth characteristics in the genus Arthrobacter. Journal of bacteriology, 83(3), pp.551-555._1",CFU,cubic,9,9,4,108.1180879491222,109.1042108358033,28605.58573195804,0.9283009957523146,1,
57,"Arthrobacter citreus_37_TGE agar_Roth, N.G. and Wheaton, R.B., 1962. Continuity of psychrophilic and mesophilic growth characteristics in the genus Arthrobacter. Journal of bacteriology, 83(3), pp.551-555._1",CFU,logistic,9,9,3,97.3652148168345,98.15411312617937,10816.36802742914,0.9728891124827848,1,
57,"Arthrobacter citreus_37_TGE agar_Roth, N.G. and Wheaton, R.B., 1962. Continuity of psychrophilic and mesophilic growth characteristics in the genus Arthrobacter. Journal of bacteriology, 83(3), pp.551-555._1",CFU,quadratic,9,9,3,107.31284599373562,108.1017443030805,32666.591791907158,0.9181222113194241,1,
58,"Arthrobacter citreus_7_TGE agar_Roth, N.G. and Wheaton, R.B., 1962. Continuity of psychrophilic and mesophilic growth characteristics in the genus Arthrobacter. Journal of bacteriology, 83(3), pp.551-555._1",CFU,cubic,10,10,4,87.49945190400335,89.01237736897357,1359.2022380976862,0.9792446467663024,1,
58,"Arthrobacter citreus_7_TGE agar_Roth, N.G. and Wheaton, R.B., 1962. Continuity of psychrophilic and mesophilic growth characteristics in the genus Arthrobacter. Journal of bacteriology, 83(3), pp.551-555._1",CFU,logistic,10,10,3,82.84264793821302,84.0529883101892,1042.0787761902102,0.984087200203968,1,
58,"Arthrobacter citreus_7_TGE agar_Roth, N.G. and Wheaton, R.B., 1962. Continuity of psychrophilic and mesophilic growth characteristics in the genus Arthrobacter. Journal of bacteriology, 83(3), pp.551-555._1",CFU,quadratic,10,10,3,98.07540436619831,99.2857447381745,4780.25161491912,0.9270043794568346,1,
59,"Arthrobacter globiformis_0_TGE agar_Roth, N.G. and Wheaton, R.B., 1962. Continuity of psychrophilic and mesophilic growth characteristics in the genus Arthrobacter. Journal of bacteriology, 83(3), pp.551-555._1",CFU,cubic,19,19,4,-116.14325805025152,-111.42106315441931,0.0014552800364072231,0.059290642695214335,1,
59,"Arthrobacter globiformis_0_TGE agar_Roth, N.G. and Wheaton, R.B., 1962. Continuity of psychrophilic and mesophilic growth characteristics in the genus Arthrobacter. Journal of bacteriology, 83(3), pp.551-555._1",CFU,logistic,19,19,3,-117.01291653819709,-113.23516062153132,0.0015444842031538447,0.0016280676101523284,1,
59,"Arthrobacter globiformis_0_TGE agar_Roth, N.G. and Wheaton, R.B., 1962. Continuity of psychrophilic and mesophilic growth characteristics in the genus Arthrobacter. Journal of bacteriology, 83(3), pp.551-555._1",CFU,quadratic,19,19,3,-118.01728793152016,-114.2395320148544,0.0014649606078064024,0.05303301263677751,1,
60,"Arthrobacter globiformis_20_TGE agar_Roth, N.G. and Wheaton, R.B., 1962. Continuity of psychrophilic and mesophilic growth characteristics in the genus Arthrobacter. Journal of bacteriology, 83(3), pp.551-555._1",CFU,cubic,8,8,4,60.28171967070318,60.67892737910236,251.33317116521263,0.9887601306975776,1,
60,"Arthrobacter globiformis_20_TGE agar_Roth, N.G. and Wheaton, R.B., 1962. Continuity of psychrophilic and mesophilic growth characteristics in the genus Arthrobacter. Journal of bacteriology, 83(3), pp.551-555._1",CFU,logistic,8,8,3,66.81833270350465,67.13609887022399,730.592656664808,0.9673271700024665,1,
60,"Arthrobacter globiformis_20_TGE agar_Roth, N.G. and Wheaton, R.B., 1962. Continuity of psychrophilic and mesophilic growth characteristics in the genus Arthrobacter. Journal of bacteriology, 83(3), pp.551-555._1",CFU,quadratic,8,8,3,62.23060388803171,62.548370054751054,411.73912673879806,0.9815866168807639,1,
61,"Arthrobacter globiformis_30_TGE agar_Roth, N.G. and Wheaton, R.B., 1962. Continuity of psychrophilic and mesophilic growth characteristics in the genus Arthrobacter. Journal of bacteriology, 83(3), pp.551-555._1",CFU,cubic,8,8,4,67.14411199544719,67.54131970384637,592.6348693502348,0.9860486204496619,1,
61,"Arthrobacter globiformis_30_TGE agar_Roth, N.G. and Wheaton, R.B., 1962. Continuity of psychrophilic and mesophilic growth characteristics in the genus Arthrobacter. Journal of bacteriology, 83(3), pp.551-555._1",CFU,logistic,8,8,3,61.038585820937996,61.35635198765734,354.74091385054476,0.9916489471222155,1,
61,"Arthrobacter globiformis_30_TGE agar_Roth, N.G. and Wheaton, R.B., 1962. Continuity of psychrophilic and mesophilic growth characteristics in the genus Arthrobacter. Journal of bacteriology, 83(3), pp.551-555._1",CFU,quadratic,8,8,3,65.1615102428485,65.47927640956783,593.9251228605053,0.9860182462388807,1,
62,"Arthrobacter globiformis_37_TGE agar_Roth, N.G. and Wheaton, R.B., 1962. Continuity of psychrophilic and mesophilic growth characteristics in the genus Arthrobacter. Journal of bacteriology, 83(3), pp.551-555._1",CFU,cubic,7,7,4,53.35016263794488,53.079713383221446,200.51989314290734,0.9955834270314249,1,
62,"Arthrobacter globiformis_37_TGE agar_Roth, N.G. and Wheaton, R.B., 1962. Continuity of psychrophilic and mesophilic growth characteristics in the genus Arthrobacter. Journal of bacteriology, 83(3), pp.551-555._1",CFU,logistic,7,7,3,63.63872093307865,63.422361529299906,1160.2859790403888,0.9744439935084426,1,
62,"Arthrobacter globiformis_37_TGE agar_Roth, N.G. and Wheaton, R.B., 1962. Continuity of psychrophilic and mesophilic growth characteristics in the genus Arthrobacter. Journal of bacteriology, 83(3), pp.551-555._1",CFU,quadratic,7,7,3,60.68625963337391,60.46990022959516,761.0062735863465,0.9832383725915802,1,
63,"Arthrobacter globiformis_7_TGE agar_Roth, N.G. and Wheaton, R.B., 1962. Continuity of psychrophilic and mesophilic growth characteristics in the genus Arthrobacter. Journal of bacteriology, 83(3), pp.551-555._1",CFU,cubic,17,17,4,103.02864372056597,107.19471044084705,236.89320734888886,0.9917248790484806,1,
63,"Arthrobacter globiformis_7_TGE agar_Roth, N.G. and Wheaton, R.B., 1962. Continuity of psychrophilic and mesophilic growth characteristics in the genus Arthrobacter. Journal of bacteriology, 83(3), pp.551-555._1",CFU,logistic,17,17,3,110.48821755783004,113.8210709340549,413.2509177540957,0.985564375753902,1,
63,"Arthrobacter globiformis_7_TGE agar_Roth, N.G. and Wheaton, R.B., 1962. Continuity of psychrophilic and mesophilic growth characteristics in the genus Arthrobacter. Journal of bacteriology, 83(3), pp.551-555._1",CFU,quadratic,17,17,3,107.323473558469,110.65632693469387,343.0559473911223,0.9880164168083609,1,
64,"Arthrobacter simplex_0_TGE agar_Roth, N.G. and Wheaton, R.B., 1962. Continuity of psychrophilic and mesophilic growth characteristics in the genus Arthrobacter. Journal of bacteriology, 83(3), pp.551-555._1",CFU,cubic,18,18,4,-104.1829325568267,-99.73107376734588,0.001852903220353535,0.3489685349389795,1,
64,"Arthrobacter simplex_0_TGE agar_Roth, N.G. and Wheaton, R.B., 1962. Continuity of psychrophilic and mesophilic growth characteristics in the genus Arthrobacter. Journal of bacteriology, 83(3), pp.551-555._1",CFU,logistic,18,18,3,-103.88622125364188,-100.32473422205722,0.002105070145192718,0.26036779167584123,1,
64,"Arthrobacter simplex_0_TGE agar_Roth, N.G. and Wheaton, R.B., 1962. Continuity of psychrophilic and mesophilic growth characteristics in the genus Arthrobacter. Journal of bacteriology, 83(3), pp.551-555._1",CFU,quadratic,18,18,3,-105.61676604151215,-102.05527900992749,0.0019121101305054808,0.32816574230817874,1,
65,"Arthrobacter simplex_20_TGE agar_Roth, N.G. and Wheaton, R.B., 1962. Continuity of psychrophilic and mesophilic growth characteristics in the genus Arthrobacter. Journal of bacteriology, 83(3), pp.551-555._1",CFU,cubic,7,7,4,72.96928595590427,72.69883670118082,3306.499520379462,0.9802660546988913,1,
65,"Arthrobacter simplex_20_TGE agar_Roth, N.G. and Wheaton, R.B., 1962. Continuity of psychrophilic and mesophilic growth characteristics in the genus Arthrobacter. Journal of bacteriology, 83(3), pp.551-555._1",CFU,logistic,7,7,3,73.65355457514829,73.43719517136954,4851.835217249009,0.9710431378571024,1,
65,"Arthrobacter simplex_20_TGE agar_Roth, N.G. and Wheaton, R.B., 1962. Continuity of psychrophilic and mesophilic growth characteristics in the genus Arthrobacter. Journal of bacteriology, 83(3), pp.551-555._1",CFU,quadratic,7,7,3,72.05507092294968,71.83871151917093,3861.2934623873957,0.976954917577143,1,
66,"Arthrobacter simplex_30_TGE agar_Roth, N.G. and Wheaton, R.B., 1962. Continuity of psychrophilic and mesophilic growth characteristics in the genus Arthrobacter. Journal of bacteriology, 83(3), pp.551-555._1",CFU,cubic,8,8,4,71.06570731694977,71.46291502534895,967.5604367608224,0.9915739437854364,1,
66,"Arthrobacter simplex_30_TGE agar_Roth, N.G. and Wheaton, R.B., 1962. Continuity of psychrophilic and mesophilic growth characteristics in the genus Arthrobacter. Journal of bacteriology, 83(3), pp.551-555._1",CFU,logistic,8,8,3,84.27777813337387,84.59554430009321,6478.775088608268,0.9435792111541018,1,
66,"Arthrobacter simplex_30_TGE agar_Roth, N.G. and Wheaton, R.B., 1962. Continuity of psychrophilic and mesophilic growth characteristics in the genus Arthrobacter. Journal of bacteriology, 83(3), pp.551-555._1",CFU,quadratic,8,8,3,77.54191694422747,77.8596831109468,2791.4154985221576,0.9756907961351814,1,
67,"Arthrobacter simplex_37_TGE agar_Roth, N.G. and Wheaton, R.B., 1962. Continuity of psychrophilic and mesophilic growth characteristics in the genus Arthrobacter. Journal of bacteriology, 83(3), pp.551-555._1",CFU,cubic,8,8,4,79.76767710137965,80.16488480977883,2871.3113275103788,0.9881453182310999,1,
67,"Arthrobacter simplex_37_TGE agar_Roth, N.G. and Wheaton, R.B., 1962. Continuity of psychrophilic and mesophilic growth characteristics in the genus Arthrobacter. Journal of bacteriology, 83(3), pp.551-555._1",CFU,logistic,8,8,3,69.4432613080371,69.76102747475643,1014.3183999676909,0.9958122194104312,1,
67,"Arthrobacter simplex_37_TGE agar_Roth, N.G. and Wheaton, R.B., 1962. Continuity of psychrophilic and mesophilic growth characteristics in the genus Arthrobacter. Journal of bacteriology, 83(3), pp.551-555._1",CFU,quadratic,8,8,3,78.8533882062754,79.17115437299474,3288.668337077384,0.9864221910713827,1,
68,"Arthrobacter simplex_7_TGE agar_Roth, N.G. and Wheaton, R.B., 1962. Continuity of psychrophilic and mesophilic growth characteristics in the genus Arthrobacter. Journal of bacteriology, 83(3), pp.551-555._1",CFU,cubic,14,14,4,128.06567932361182,131.2609659716881,3768.5405068888704,0.9807732571356116,1,
68,"Arthrobacter simplex_7_TGE agar_Roth, N.G. and Wheaton, R.B., 1962. Continuity of psychrophilic and mesophilic growth characteristics in the genus Arthrobacter. Journal of bacteriology, 83(3), pp.551-555._1",CFU,logistic,14,14,3,122.3689602591639,124.92518957762493,2893.990748179301,0.9852351285954206,1,
68,"Arthrobacter simplex_7_TGE agar_Roth, N.G. and Wheaton, R.B., 1962. Continuity of psychrophilic and mesophilic growth characteristics in the genus Arthrobacter. Journal of bacteriology, 83(3), pp.551-555._1",CFU,quadratic,14,14,3,133.88490117928927,136.4411304977503,6587.6958230660375,0.9663901891389085,1,
69,"Arthrobacter sp. 62_0_TGE agar_Roth, N.G. and Wheaton, R.B., 1962. Continuity of psychrophilic and mesophilic growth characteristics in the genus Arthrobacter. Journal of bacteriology, 83(3), pp.551-555._1",CFU,cubic,18,18,4,170.68560258243153,175.13746137191237,7938.444376835715,0.9855026089436646,1,
69,"Arthrobacter sp. 62_0_TGE agar_Roth, N.G. and Wheaton, R.B., 1962. Continuity of psychrophilic and mesophilic growth characteristics in the genus Arthrobacter. Journal of bacteriology, 83(3), pp.551-555._1",CFU,logistic,18,18,3,165.9916292347894,169.55311626637405,6834.970456424627,0.9875178013649086,1,
69,"Arthrobacter sp. 62_0_TGE agar_Roth, N.G. and Wheaton, R.B., 1962. Continuity of psychrophilic and mesophilic growth characteristics in the genus Arthrobacter. Journal of bacteriology, 83(3), pp.551-555._1",CFU,quadratic,18,18,3,184.45456445883653,188.01605149042118,19063.409626276956,0.9651859116093715,1,
70,"Arthrobacter sp. 62_20_TGE agar_Roth, N.G. and Wheaton, R.B., 1962. Continuity of psychrophilic and mesophilic growth characteristics in the genus Arthrobacter. Journal of bacteriology, 83(3), pp.551-555._1",CFU,cubic,9,9,4,108.36641973260444,109.35254261928554,29405.873239854725,0.9632574788151133,1,
70,"Arthrobacter sp. 62_20_TGE agar_Roth, N.G. and Wheaton, R.B., 1962. Continuity of psychrophilic and mesophilic growth characteristics in the genus Arthrobacter. Journal of bacteriology, 83(3), pp.551-555._1",CFU,logistic,9,9,3,91.95580080390067,92.74469911324555,5929.942660021383,0.992590560326714,1,
70,"Arthrobacter sp. 62_20_TGE agar_Roth, N.G. and Wheaton, R.B., 1962. Continuity of psychrophilic and mesophilic growth characteristics in the genus Arthrobacter. Journal of bacteriology, 83(3), pp.551-555._1",CFU,quadratic,9,9,3,120.11487185488701,120.90377016423189,135476.77397124044,0.8307223119308051,1,
71,"Arthrobacter sp. 62_30_TGE agar_Roth, N.G. and Wheaton, R.B., 1962. Continuity of psychrophilic and mesophilic growth characteristics in the genus Arthrobacter. Journal of bacteriology, 83(3), pp.551-555._1",CFU,cubic,10,10,4,-48.861390968933726,-47.348465503963496,0.0016263271801256086,0.3205883009691237,1,
71,"Arthrobacter sp. 62_30_TGE agar_Roth, N.G. and Wheaton, R.B., 1962. Continuity of psychrophilic and mesophilic growth characteristics in the genus Arthrobacter. Journal of bacteriology, 83(3), pp.551-555._1",CFU,logistic,10,10,3,-47.74242355881009,-46.5320831868339,0.002221585099057588,0.07191435700175786,1,
71,"Arthrobacter sp. 62_30_TGE agar_Roth, N.G. and Wheaton, R.B., 1962. Continuity of psychrophilic and mesophilic growth characteristics in the genus Arthrobacter. Journal of bacteriology, 83(3), pp.551-555._1",CFU,quadratic,10,10,3,-50.31635350165207,-49.10601312967589,0.0017174282276680684,0.2825300810422239,1,
72,"Arthrobacter sp. 62_37_TGE agar_Roth, N.G. and Wheaton, R.B., 1962. Continuity of psychrophilic and mesophilic growth characteristics in the genus Arthrobacter. Journal of bacteriology, 83(3), pp.551-555._1",CFU,cubic,16,16,4,-88.30238388294936,-84.43944027175046,0.0020108709609603388,0.7087054426206663,1,
72,"Arthrobacter sp. 62_37_TGE agar_Roth, N.G. and Wheaton, R.B., 1962. Continuity of psychrophilic and mesophilic growth characteristics in the genus Arthrobacter. Journal of bacteriology, 83(3), pp.551-555._1",CFU,logistic,16,16,3,-84.73916380455623,-81.6488089155971,0.0028470096477360876,0.5875824797848211,1,
72,"Arthrobacter sp. 62_37_TGE agar_Roth, N.G. and Wheaton, R.B., 1962. Continuity of psychrophilic and mesophilic growth characteristics in the genus Arthrobacter. Journal of bacteriology, 83(3), pp.551-555._1",CFU,quadratic,16,16,3,-89.68222645590666,-86.59187156694753,0.002090342193074481,0.6971932482369829,1,
73,"Arthrobacter sp. 62_7_TGE agar_Roth, N.G. and Wheaton, R.B., 1962. Continuity of psychrophilic and mesophilic growth characteristics in the genus Arthrobacter. Journal of bacteriology, 83(3), pp.551-555._1",CFU,cubic,12,12,4,131.86386830369622,134.28840155263623,18076.20916744241,0.9836633771066093,1,
73,"Arthrobacter sp. 62_7_TGE agar_Roth, N.G. and Wheaton, R.B., 1962. Continuity of psychrophilic and mesophilic growth characteristics in the genus Arthrobacter. Journal of bacteriology, 83(3), pp.551-555._1",CFU,logistic,12,12,3,129.1073888263883,131.0470154255403,16971.860478097242,0.9846614474383654,1,
73,"Arthrobacter sp. 62_7_TGE agar_Roth, N.G. and Wheaton, R.B., 1962. Continuity of psychrophilic and mesophilic growth characteristics in the genus Arthrobacter. Journal of bacteriology, 83(3), pp.551-555._1",CFU,quadratic,12,12,3,152.43922652193953,154.37885312109154,118614.23617450283,0.8928007510744795,1,
74,"Arthrobacter sp. 77_0_TGE agar_Roth, N.G. and Wheaton, R.B., 1962. Continuity of psychrophilic and mesophilic growth characteristics in the genus Arthrobacter. Journal of bacteriology, 83(3), pp.551-555._1",CFU,cubic,19,19,4,174.08374533549213,178.8059402313243,6263.8388399475325,0.989193911963683,1,
74,"Arthrobacter sp. 77_0_TGE agar_Roth, N.G. and Wheaton, R.B., 1962. Continuity of psychrophilic and mesophilic growth characteristics in the genus Arthrobacter. Journal of bacteriology, 83(3), pp.551-555._1",CFU,logistic,19,19,3,178.21151729621383,181.9892732128796,8647.822404464117,0.9850811726462209,1,
74,"Arthrobacter sp. 77_0_TGE agar_Roth, N.G. and Wheaton, R.B., 1962. Continuity of psychrophilic and mesophilic growth characteristics in the genus Arthrobacter. Journal of bacteriology, 83(3), pp.551-555._1",CFU,quadratic,19,19,3,182.25579799826374,186.0335539149295,10699.151327734658,0.9815423138884035,1,
75,"Arthrobacter sp. 77_20_TGE agar_Roth, N.G. and Wheaton, R.B., 1962. Continuity of psychrophilic and mesophilic growth characteristics in the genus Arthrobacter. Journal of bacteriology, 83(3), pp.551-555._1",CFU,cubic,7,7,4,74.70449115016177,74.43404189543834,4236.665577284115,0.9459574039923702,1,
75,"Arthrobacter sp. 77_20_TGE agar_Roth, N.G. and Wheaton, R.B., 1962. Continuity of psychrophilic and mesophilic growth characteristics in the genus Arthrobacter. Journal of bacteriology, 83(3), pp.551-555._1",CFU,logistic,7,7,3,68.96805995143166,68.75170054765292,2484.324157805232,0.9683101428793137,1,
75,"Arthrobacter sp. 77_20_TGE agar_Roth, N.G. and Wheaton, R.B., 1962. Continuity of psychrophilic and mesophilic growth characteristics in the genus Arthrobacter. Journal of bacteriology, 83(3), pp.551-555._1",CFU,quadratic,7,7,3,75.81713855946161,75.60077915568286,6609.053523382822,0.9156953969952139,1,
76,"Arthrobacter sp. 77_30_TGE agar_Roth, N.G. and Wheaton, R.B., 1962. Continuity of psychrophilic and mesophilic growth characteristics in the genus Arthrobacter. Journal of bacteriology, 83(3), pp.551-555._1",CFU,cubic,10,10,4,100.98415556373588,102.4970810287061,5235.007641292442,0.9441220053087,1,
76,"Arthrobacter sp. 77_30_TGE agar_Roth, N.G. and Wheaton, R.B., 1962. Continuity of psychrophilic and mesophilic growth characteristics in the genus Arthrobacter. Journal of bacteriology, 83(3), pp.551-555._1",CFU,logistic,10,10,3,80.46947114319126,81.67981151516744,821.9299240739396,0.9912267948623882,1,
76,"Arthrobacter sp. 77_30_TGE agar_Roth, N.G. and Wheaton, R.B., 1962. Continuity of psychrophilic and mesophilic growth characteristics in the genus Arthrobacter. Journal of bacteriology, 83(3), pp.551-555._1",CFU,quadratic,10,10,3,99.17242888888354,100.38276926085973,5334.502543711793,0.9430600057835519,1,
77,"Arthrobacter sp. 77_37_TGE agar_Roth, N.G. and Wheaton, R.B., 1962. Continuity of psychrophilic and mesophilic growth characteristics in the genus Arthrobacter. Journal of bacteriology, 83(3), pp.551-555._1",CFU,cubic,17,17,4,-97.25859929917223,-93.09253257889115,0.0018107881384111888,0.48640762657651004,1,
77,"Arthrobacter sp. 77_37_TGE agar_Roth, N.G. and Wheaton, R.B., 1962. Continuity of psychrophilic and mesophilic growth characteristics in the genus Arthrobacter. Journal of bacteriology, 83(3), pp.551-555._1",CFU,logistic,17,17,3,-91.11865151697373,-87.78579814074887,0.0029229186181974195,0.17097495913526106,1,
77,"Arthrobacter sp. 77_37_TGE agar_Roth, N.G. and Wheaton, R.B., 1962. Continuity of psychrophilic and mesophilic growth characteristics in the genus Arthrobacter. Journal of bacteriology, 83(3), pp.551-555._1",CFU,quadratic,17,17,3,-96.08277037355023,-92.74991699732537,0.0021827283965434093,0.38091451233870566,1,
78,"Arthrobacter sp. 77_7_TGE agar_Roth, N.G. and Wheaton, R.B., 1962. Continuity of psychrophilic and mesophilic growth characteristics in the genus Arthrobacter. Journal of bacteriology, 83(3), pp.551-555._1",CFU,cubic,13,13,4,144.50686727251804,147.3316140598257,23712.423520076758,0.960377251534021,1,
78,"Arthrobacter sp. 77_7_TGE agar_Roth, N.G. and Wheaton, R.B., 1962. Continuity of psychrophilic and mesophilic growth characteristics in the genus Arthrobacter. Journal of bacteriology, 83(3), pp.551-555._1",CFU,logistic,13,13,3,144.61282161039546,146.8726190402416,27882.398106337325,0.9534093490755887,1,
78,"Arthrobacter sp. 77_7_TGE agar_Roth, N.G. and Wheaton, R.B., 1962. Continuity of psychrophilic and mesophilic growth characteristics in the genus Arthrobacter. Journal of bacteriology, 83(3), pp.551-555._1",CFU,quadratic,13,13,3,151.8330379871384,154.09283541698454,48588.98490800844,0.9188092636082843,1,
79,"Arthrobacter sp. 88_0_TGE agar_Roth, N.G. and Wheaton, R.B., 1962. Continuity of psychrophilic and mesophilic growth characteristics in the genus Arthrobacter. Journal of bacteriology, 83(3), pp.551-555._1",CFU,cubic,13,13,4,82.77869780005898,85.60344458736667,205.49745723090504,0.9939922620264452,1,
79,"Arthrobacter sp. 88_0_TGE agar_Roth, N.G. and Wheaton, R.B., 1962. Continuity of psychrophilic and mesophilic growth characteristics in the genus Arthrobacter. Journal of bacteriology, 83(3), pp.551-555._1",CFU,logistic,13,13,3,81.84154515292629,84.10134258277243,223.00432122648124,0.9934804471697489,1,
79,"Arthrobacter sp. 88_0_TGE agar_Roth, N.G. and Wheaton, R.B., 1962. Continuity of psychrophilic and mesophilic growth characteristics in the genus Arthrobacter. Journal of bacteriology, 83(3), pp.551-555._1",CFU,quadratic,13,13,3,112.13925625569524,114.39905368554139,2293.3853202615737,0.9329526590635763,1,
80,"Arthrobacter sp. 88_20_TGE agar_Roth, N.G. and Wheaton, R.B., 1962. Continuity of psychrophilic and mesophilic growth characteristics in the genus Arthrobacter. Journal of bacteriology, 83(3), pp.551-555._1",CFU,cubic,14,14,4,197.66853418044508,200.86382082852137,543657.9511477412,0.7819064805183914,1,
80,"Arthrobacter sp. 88_20_TGE agar_Roth, N.G. and Wheaton, R.B., 1962. Continuity of psychrophilic and mesophilic growth characteristics in the genus Arthrobacter. Journal of bacteriology, 83(3), pp.551-555._1",CFU,logistic,14,14,3,189.08229253501145,191.63852185347247,339635.998344047,0.8637518129457588,1,
80,"Arthrobacter sp. 88_20_TGE agar_Roth, N.G. and Wheaton, R.B., 1962. Continuity of psychrophilic and mesophilic growth characteristics in the genus Arthrobacter. Journal of bacteriology, 83(3), pp.551-555._1",CFU,quadratic,14,14,3,200.3997778082676,202.95600712672862,762243.6507694257,0.6942187635665835,1,
81,"Arthrobacter sp. 88_30_TGE agar_Roth, N.G. and Wheaton, R.B., 1962. Continuity of psychrophilic and mesophilic growth characteristics in the genus Arthrobacter. Journal of bacteriology, 83(3), pp.551-555._1",CFU,cubic,11,11,4,122.99555567753215,124.98503204152401,18626.51625877071,0.9857867181616293,1,
81,"Arthrobacter sp. 88_30_TGE agar_Roth, N.G. and Wheaton, R.B., 1962. Continuity of psychrophilic and mesophilic growth characteristics in the genus Arthrobacter. Journal of bacteriology, 83(3), pp.551-555._1",CFU,logistic,11,11,3,142.72147234752094,144.31305343871443,134245.40484415664,0.8975617475620161,1,
81,"Arthrobacter sp. 88_30_TGE agar_Roth, N.G. and Wheaton, R.B., 1962. Continuity of psychrophilic and mesophilic growth characteristics in the genus Arthrobacter. Journal of bacteriology, 83(3), pp.551-555._1",CFU,quadratic,11,11,3,134.67325262769003,136.26483371888352,64587.00091329239,0.950715784190537,1,
82,"Arthrobacter sp. 88_37_TGE agar_Roth, N.G. and Wheaton, R.B., 1962. Continuity of psychrophilic and mesophilic growth characteristics in the genus Arthrobacter. Journal of bacteriology, 83(3), pp.551-555._1",CFU,cubic,16,16,4,-85.13385391674944,-81.27091030555054,0.0024512572716127896,0.25417525905301186,1,
82,"Arthrobacter sp. 88_37_TGE agar_Roth, N.G. and Wheaton, R.B., 1962. Continuity of psychrophilic and mesophilic growth characteristics in the genus Arthrobacter. Journal of bacteriology, 83(3), pp.551-555._1",CFU,logistic,16,16,3,-85.02344944144377,-81.93309455248465,0.002796871146583663,0.14901804779128258,1,
82,"Arthrobacter sp. 88_37_TGE agar_Roth, N.G. and Wheaton, R.B., 1962. Continuity of psychrophilic and mesophilic growth characteristics in the genus Arthrobacter. Journal of bacteriology, 83(3), pp.551-555._1",CFU,quadratic,16,16,3,-86.3888253465773,-83.29847045761818,0.002568097495518142,0.21862520450118483,1,
83,"Arthrobacter sp. 88_7_TGE agar_Roth, N.G. and Wheaton, R.B., 1962. Continuity of psychrophilic and mesophilic growth characteristics in the genus Arthrobacter. Journal of bacteriology, 83(3), pp.551-555._1",CFU,cubic,9,9,4,73.65933199101588,74.64545487769698,621.7926151833605,0.9838593614749049,1,
83,"Arthrobacter sp. 88_7_TGE agar_Roth, N.G. and Wheaton, R.B., 1962. Continuity of psychrophilic and mesophilic growth characteristics in the genus Arthrobacter. Journal of bacteriology, 83(3), pp.551-555._1",CFU,logistic,9,9,3,62.847382111817964,63.636280421162844,233.5744988017562,0.9939368183832038,1,
83,"Arthrobacter sp. 88_7_TGE agar_Roth, N.G. and Wheaton, R.B., 1962. Continuity of psychrophilic and mesophilic growth characteristics in the genus Arthrobacter. Journal of bacteriology, 83(3), pp.551-555._1",CFU,quadratic,9,9,3,77.9649480015841,78.75384631092898,1252.918140823434,0.96747645707146,1,
84,"Bacillus.pumilus..RDA.R._15_TSB_Bae, Y.M., Zheng, L., Hyun, J.E., Jung, K.S., Heu, S. and Lee, S.Y., 2014. Growth characteristics and biofilm formation of various spoilage bacteria isolated from fresh produce. Journal of food science, 79(10), pp.M2072-M2080._1",OD_595,cubic,22,22,4,-158.21704244897006,-152.76183018217847,6.15507261134998e-4,0.9952619723559288,1,
84,"Bacillus.pumilus..RDA.R._15_TSB_Bae, Y.M., Zheng, L., Hyun, J.E., Jung, K.S., Heu, S. and Lee, S.Y., 2014. Growth characteristics and biofilm formation of various spoilage bacteria isolated from fresh produce. Journal of food science, 79(10), pp.M2072-M2080._1",OD_595,logistic,22,22,3,-138.0952954604249,-133.73112564699164,0.0016824068512912135,0.9870492345528248,1,
84,"Bacillus.pumilus..RDA.R._15_TSB_Bae, Y.M., Zheng, L., Hyun, J.E., Jung, K.S., Heu, S. and Lee, S.Y., 2014. Growth characteristics and biofilm formation of various spoilage bacteria isolated from fresh produce. Journal of food science, 79(10), pp.M2072-M2080._1",OD_595,quadratic,22,22,3,-156.74885543039656,-152.38468561696328,7.206053388399365e-4,0.9944529524971111,1,
85,"Bacillus.pumilus..RDA.R._25_TSB_Bae, Y.M., Zheng, L., Hyun, J.E., Jung, K.S., Heu, S. and Lee, S.Y., 2014. Growth characteristics and biofilm formation of various spoilage bacteria isolated from fresh produce. Journal of food science, 79(10), pp.M2072-M2080._1",OD_595,cubic,15,15,4,-102.87669857335703,-99.33644756784598,4.7369822102470954e-4,0.997451667902678,1,
85,"Bacillus.pumilus..RDA.R._25_TSB_Bae, Y.M., Zheng, L., Hyun, J.E., Jung, K.S., Heu, S. and Lee, S.Y., 2014. Growth characteristics and biofilm formation of various spoilage bacteria isolated from fresh produce. Journal of food science, 79(10), pp.M2072-M2080._1",OD_595,logistic,15,15,3,-82.7385817875151,-79.90638098310626,0.0020723632605742595,0.9888514045866413,1,
85,"Bacillus.pumilus..RDA.R._25_TSB_Bae, Y.M., Zheng, L., Hyun, J.E., Jung, K.S., Heu, S. and Lee, S.Y., 2014. Growth characteristics and biofilm formation of various spoilage bacteria isolated from fresh produce. Journal of food science, 79(10), pp.M2072-M2080._1",OD_595,quadratic,15,15,3,-102.13314258311556,-99.30094177870672,5.687688923977451e-4,0.9969402206718867,1,
86,"Bacillus.pumilus..RDA.R._35_TSB_Bae, Y.M., Zheng, L., Hyun, J.E., Jung, K.S., Heu, S. and Lee, S.Y., 2014. Growth characteristics and biofilm formation of various spoilage bacteria isolated from fresh produce. Journal of food science, 79(10), pp.M2072-M2080._1",OD_595,cubic,17,17,4,-78.35313186337858,-74.1870651430975,0.005506055606044414,0.9784993044115949,1,
86,"Bacillus.pumilus..RDA.R._35_TSB_Bae, Y.M., Zheng, L., Hyun, J.E., Jung, K.S., Heu, S. and Lee, S.Y., 2014. Growth characteristics and biofilm formation of various spoilage bacteria isolated from fresh produce. Journal of food science, 79(10), pp.M2072-M2080._1",OD_595,logistic,17,17,3,-72.27084498321415,-68.93799160698929,0.008857611499746294,0.9654117535087485,1,
86,"Bacillus.pumilus..RDA.R._35_TSB_Bae, Y.M., Zheng, L., Hyun, J.E., Jung, K.S., Heu, S. and Lee, S.Y., 2014. Growth characteristics and biofilm formation of various spoilage bacteria isolated from fresh produce. Journal of food science, 79(10), pp.M2072-M2080._1",OD_595,quadratic,17,17,3,-62.08533902735168,-58.75248565112682,0.0161258658121978,0.9370298164902446,1,
87,"Bacillus.pumilus..RDA.R._5_TSB_Bae, Y.M., Zheng, L., Hyun, J.E., Jung, K.S., Heu, S. and Lee, S.Y., 2014. Growth characteristics and biofilm formation of various spoilage bacteria isolated from fresh produce. Journal of food science, 79(10), pp.M2072-M2080._1",OD_595,cubic,29,29,4,-267.7659982640855,-260.92951911415315,1.1754149854835019e-4,0.10014591862942523,1,
87,"Bacillus.pumilus..RDA.R._5_TSB_Bae, Y.M., Zheng, L., Hyun, J.E., Jung, K.S., Heu, S. and Lee, S.Y., 2014. Growth characteristics and biofilm formation of various spoilage bacteria isolated from fresh produce. Journal of food science, 79(10), pp.M2072-M2080._1",OD_595,logistic,29,29,3,NA,NA,NA,NA,0,singular gradient matrix at initial parameter estimates
87,"Bacillus.pumilus..RDA.R._5_TSB_Bae, Y.M., Zheng, L., Hyun, J.E., Jung, K.S., Heu, S. and Lee, S.Y., 2014. Growth characteristics and biofilm formation of various spoilage bacteria isolated from fresh produce. Journal of food science, 79(10), pp.M2072-M2080._1",OD_595,quadratic,29,29,3,-268.0567650445302,-262.5875817245843,1.246775154021273e-4,0.04551522249312301,1,
88,"Bacillus.pumilus_15_TSB_Bae, Y.M., Zheng, L., Hyun, J.E., Jung, K.S., Heu, S. and Lee, S.Y., 2014. Growth characteristics and biofilm formation of various spoilage bacteria isolated from fresh produce. Journal of food science, 79(10), pp.M2072-M2080._1",OD_595,cubic,22,22,4,-138.83030442877987,-133.37509216198828,0.0014857308829698095,0.9731031702925934,1,
88,"Bacillus.pumilus_15_TSB_Bae, Y.M., Zheng, L., Hyun, J.E., Jung, K.S., Heu, S. and Lee, S.Y., 2014. Growth characteristics and biofilm formation of various spoilage bacteria isolated from fresh produce. Journal of food science, 79(10), pp.M2072-M2080._1",OD_595,logistic,22,22,3,-87.87477844015297,-83.5106086267197,0.016493662090347937,0.7014080910744512,1,
88,"Bacillus.pumilus_15_TSB_Bae, Y.M., Zheng, L., Hyun, J.E., Jung, K.S., Heu, S. and Lee, S.Y., 2014. Growth characteristics and biofilm formation of various spoilage bacteria isolated from fresh produce. Journal of food science, 79(10), pp.M2072-M2080._1",OD_595,quadratic,22,22,3,-117.58111341081432,-113.21694359738106,0.0042745902000942484,0.9226152421015399,1,
89,"Bacillus.pumilus_25_TSB_Bae, Y.M., Zheng, L., Hyun, J.E., Jung, K.S., Heu, S. and Lee, S.Y., 2014. Growth characteristics and biofilm formation of various spoilage bacteria isolated from fresh produce. Journal of food science, 79(10), pp.M2072-M2080._1",OD_595,cubic,14,14,4,-94.60140016883187,-91.40611352075558,4.6645531955451155e-4,0.996919253131331,1,
89,"Bacillus.pumilus_25_TSB_Bae, Y.M., Zheng, L., Hyun, J.E., Jung, K.S., Heu, S. and Lee, S.Y., 2014. Growth characteristics and biofilm formation of various spoilage bacteria isolated from fresh produce. Journal of food science, 79(10), pp.M2072-M2080._1",OD_595,logistic,14,14,3,-71.4655657371358,-68.90933641867477,0.0028089863923917305,0.981447792168477,1,
89,"Bacillus.pumilus_25_TSB_Bae, Y.M., Zheng, L., Hyun, J.E., Jung, K.S., Heu, S. and Lee, S.Y., 2014. Growth characteristics and biofilm formation of various spoilage bacteria isolated from fresh produce. Journal of food science, 79(10), pp.M2072-M2080._1",OD_595,quadratic,14,14,3,-96.59763640962348,-94.04140709116244,4.665807382342665e-4,0.9969184247921766,1,
90,"Bacillus.pumilus_35_TSB_Bae, Y.M., Zheng, L., Hyun, J.E., Jung, K.S., Heu, S. and Lee, S.Y., 2014. Growth characteristics and biofilm formation of various spoilage bacteria isolated from fresh produce. Journal of food science, 79(10), pp.M2072-M2080._1",OD_595,cubic,15,15,4,-85.15679671630716,-81.6165457107961,0.0015436379965518994,0.9903418575718093,1,
90,"Bacillus.pumilus_35_TSB_Bae, Y.M., Zheng, L., Hyun, J.E., Jung, K.S., Heu, S. and Lee, S.Y., 2014. Growth characteristics and biofilm formation of various spoilage bacteria isolated from fresh produce. Journal of food science, 79(10), pp.M2072-M2080._1",OD_595,logistic,15,15,3,-71.31228035843104,-68.4800795540222,0.004439061838339121,0.9722259418477691,1,
90,"Bacillus.pumilus_35_TSB_Bae, Y.M., Zheng, L., Hyun, J.E., Jung, K.S., Heu, S. and Lee, S.Y., 2014. Growth characteristics and biofilm formation of various spoilage bacteria isolated from fresh produce. Journal of food science, 79(10), pp.M2072-M2080._1",OD_595,quadratic,15,15,3,-73.04510605597083,-70.21290525156199,0.003954765641780597,0.9752560574929149,1,
91,"Bacillus.pumilus_5_TSB_Bae, Y.M., Zheng, L., Hyun, J.E., Jung, K.S., Heu, S. and Lee, S.Y., 2014. Growth characteristics and biofilm formation of various spoilage bacteria isolated from fresh produce. Journal of food science, 79(10), pp.M2072-M2080._1",OD_595,cubic,29,29,4,-279.3984995548579,-272.56202040492553,7.870216906312828e-5,0.2582419558755207,1,
91,"Bacillus.pumilus_5_TSB_Bae, Y.M., Zheng, L., Hyun, J.E., Jung, K.S., Heu, S. and Lee, S.Y., 2014. Growth characteristics and biofilm formation of various spoilage bacteria isolated from fresh produce. Journal of food science, 79(10), pp.M2072-M2080._1",OD_595,logistic,29,29,3,-277.27021927253395,-271.80103595258805,9.074244406577758e-5,0.1447638784222508,1,
91,"Bacillus.pumilus_5_TSB_Bae, Y.M., Zheng, L., Hyun, J.E., Jung, K.S., Heu, S. and Lee, S.Y., 2014. Growth characteristics and biofilm formation of various spoilage bacteria isolated from fresh produce. Journal of food science, 79(10), pp.M2072-M2080._1",OD_595,quadratic,29,29,3,-281.145082345064,-275.6758990251181,7.939292358582505e-5,0.25173168138340707,1,
92,"Chryseobacterium.balustinum_15_TSB_Bae, Y.M., Zheng, L., Hyun, J.E., Jung, K.S., Heu, S. and Lee, S.Y., 2014. Growth characteristics and biofilm formation of various spoilage bacteria isolated from fresh produce. Journal of food science, 79(10), pp.M2072-M2080._1",OD_595,cubic,22,22,4,-132.5681342365497,-127.11292196975812,0.0019749654961686474,0.9910793341473727,1,
92,"Chryseobacterium.balustinum_15_TSB_Bae, Y.M., Zheng, L., Hyun, J.E., Jung, K.S., Heu, S. and Lee, S.Y., 2014. Growth characteristics and biofilm formation of various spoilage bacteria isolated from fresh produce. Journal of food science, 79(10), pp.M2072-M2080._1",OD_595,logistic,22,22,3,-115.28388344133812,-110.91971362790486,0.004745077582200519,0.978567093127591,1,
92,"Chryseobacterium.balustinum_15_TSB_Bae, Y.M., Zheng, L., Hyun, J.E., Jung, K.S., Heu, S. and Lee, S.Y., 2014. Growth characteristics and biofilm formation of various spoilage bacteria isolated from fresh produce. Journal of food science, 79(10), pp.M2072-M2080._1",OD_595,quadratic,22,22,3,-85.00448488720264,-80.64031507376937,0.018792241155385105,0.9151178568464131,1,
93,"Chryseobacterium.balustinum_25_TSB_Bae, Y.M., Zheng, L., Hyun, J.E., Jung, K.S., Heu, S. and Lee, S.Y., 2014. Growth characteristics and biofilm formation of various spoilage bacteria isolated from fresh produce. Journal of food science, 79(10), pp.M2072-M2080._1",OD_595,cubic,12,12,4,-59.853060894399206,-57.428527645459205,0.0020827652429143105,0.9877892524551976,1,
93,"Chryseobacterium.balustinum_25_TSB_Bae, Y.M., Zheng, L., Hyun, J.E., Jung, K.S., Heu, S. and Lee, S.Y., 2014. Growth characteristics and biofilm formation of various spoilage bacteria isolated from fresh produce. Journal of food science, 79(10), pp.M2072-M2080._1",OD_595,logistic,12,12,3,-52.06323373044364,-50.12360713129164,0.00470918748579758,0.9723911757574,1,
93,"Chryseobacterium.balustinum_25_TSB_Bae, Y.M., Zheng, L., Hyun, J.E., Jung, K.S., Heu, S. and Lee, S.Y., 2014. Growth characteristics and biofilm formation of various spoilage bacteria isolated from fresh produce. Journal of food science, 79(10), pp.M2072-M2080._1",OD_595,quadratic,12,12,3,-60.332974080364494,-58.393347481212494,0.002364036065742553,0.9861402298296477,1,
94,"Chryseobacterium.balustinum_35_TSB_Bae, Y.M., Zheng, L., Hyun, J.E., Jung, K.S., Heu, S. and Lee, S.Y., 2014. Growth characteristics and biofilm formation of various spoilage bacteria isolated from fresh produce. Journal of food science, 79(10), pp.M2072-M2080._1",OD_595,cubic,15,15,4,-72.2535990069509,-68.71334800143985,0.00364864237571754,0.9826636817195297,1,
94,"Chryseobacterium.balustinum_35_TSB_Bae, Y.M., Zheng, L., Hyun, J.E., Jung, K.S., Heu, S. and Lee, S.Y., 2014. Growth characteristics and biofilm formation of various spoilage bacteria isolated from fresh produce. Journal of food science, 79(10), pp.M2072-M2080._1",OD_595,logistic,15,15,3,-62.400437050073805,-59.56823624566496,0.008041100433554034,0.9617931652142516,1,
94,"Chryseobacterium.balustinum_35_TSB_Bae, Y.M., Zheng, L., Hyun, J.E., Jung, K.S., Heu, S. and Lee, S.Y., 2014. Growth characteristics and biofilm formation of various spoilage bacteria isolated from fresh produce. Journal of food science, 79(10), pp.M2072-M2080._1",OD_595,quadratic,15,15,3,-72.62866389667158,-69.79646309226274,0.00406609936893077,0.9806801583819406,1,
95,"Chryseobacterium.balustinum_5_TSB_Bae, Y.M., Zheng, L., Hyun, J.E., Jung, K.S., Heu, S. and Lee, S.Y., 2014. Growth characteristics and biofilm formation of various spoilage bacteria isolated from fresh produce. Journal of food science, 79(10), pp.M2072-M2080._1",OD_595,cubic,29,29,4,-195.46483078412743,-188.62835163419507,0.0014221643162010836,0.9942324254009737,1,
95,"Chryseobacterium.balustinum_5_TSB_Bae, Y.M., Zheng, L., Hyun, J.E., Jung, K.S., Heu, S. and Lee, S.Y., 2014. Growth characteristics and biofilm formation of various spoilage bacteria isolated from fresh produce. Journal of food science, 79(10), pp.M2072-M2080._1",OD_595,logistic,29,29,3,-175.17123493531489,-169.702051615369,0.003067689161465825,0.9875590141843519,1,
95,"Chryseobacterium.balustinum_5_TSB_Bae, Y.M., Zheng, L., Hyun, J.E., Jung, K.S., Heu, S. and Lee, S.Y., 2014. Growth characteristics and biofilm formation of various spoilage bacteria isolated from fresh produce. Journal of food science, 79(10), pp.M2072-M2080._1",OD_595,quadratic,29,29,3,-195.3935450399278,-189.9243617199819,0.0015274558740301701,0.993805416434774,1,
96,"Clavibacter.michiganensis..RDA.R._15_TSB_Bae, Y.M., Zheng, L., Hyun, J.E., Jung, K.S., Heu, S. and Lee, S.Y., 2014. Growth characteristics and biofilm formation of various spoilage bacteria isolated from fresh produce. Journal of food science, 79(10), pp.M2072-M2080._1",OD_595,cubic,24,24,4,-88.05441930142402,-82.16415014968429,0.023625608713407038,0.9692029346726341,1,
96,"Clavibacter.michiganensis..RDA.R._15_TSB_Bae, Y.M., Zheng, L., Hyun, J.E., Jung, K.S., Heu, S. and Lee, S.Y., 2014. Growth characteristics and biofilm formation of various spoilage bacteria isolated from fresh produce. Journal of food science, 79(10), pp.M2072-M2080._1",OD_595,logistic,24,24,3,-29.13856202339762,-24.426346702005837,0.2990144675313278,0.610220917391048,1,
96,"Clavibacter.michiganensis..RDA.R._15_TSB_Bae, Y.M., Zheng, L., Hyun, J.E., Jung, K.S., Heu, S. and Lee, S.Y., 2014. Growth characteristics and biofilm formation of various spoilage bacteria isolated from fresh produce. Journal of food science, 79(10), pp.M2072-M2080._1",OD_595,quadratic,24,24,3,-58.511223334699224,-53.79900801330744,0.08793791645249624,0.8853688897250247,1,
97,"Clavibacter.michiganensis..RDA.R._25_TSB_Bae, Y.M., Zheng, L., Hyun, J.E., Jung, K.S., Heu, S. and Lee, S.Y., 2014. Growth characteristics and biofilm formation of various spoilage bacteria isolated from fresh produce. Journal of food science, 79(10), pp.M2072-M2080._1",OD_595,cubic,17,17,4,-74.96750566135887,-70.80143894107779,0.006719427707363353,0.9889859516530892,1,
97,"Clavibacter.michiganensis..RDA.R._25_TSB_Bae, Y.M., Zheng, L., Hyun, J.E., Jung, K.S., Heu, S. and Lee, S.Y., 2014. Growth characteristics and biofilm formation of various spoilage bacteria isolated from fresh produce. Journal of food science, 79(10), pp.M2072-M2080._1",OD_595,logistic,17,17,3,-35.608075402654016,-32.27522202642915,0.0765474377985485,0.8745284245231975,1,
97,"Clavibacter.michiganensis..RDA.R._25_TSB_Bae, Y.M., Zheng, L., Hyun, J.E., Jung, K.S., Heu, S. and Lee, S.Y., 2014. Growth characteristics and biofilm formation of various spoilage bacteria isolated from fresh produce. Journal of food science, 79(10), pp.M2072-M2080._1",OD_595,quadratic,17,17,3,-67.35073120945522,-64.01787783323036,0.01183067344358988,0.9806079304727958,1,
98,"Clavibacter.michiganensis..RDA.R._35_TSB_Bae, Y.M., Zheng, L., Hyun, J.E., Jung, K.S., Heu, S. and Lee, S.Y., 2014. Growth characteristics and biofilm formation of various spoilage bacteria isolated from fresh produce. Journal of food science, 79(10), pp.M2072-M2080._1",OD_595,cubic,17,17,4,-43.166416524155814,-39.000349803874734,0.04362608671139515,0.9475049881879873,1,
98,"Clavibacter.michiganensis..RDA.R._35_TSB_Bae, Y.M., Zheng, L., Hyun, J.E., Jung, K.S., Heu, S. and Lee, S.Y., 2014. Growth characteristics and biofilm formation of various spoilage bacteria isolated from fresh produce. Journal of food science, 79(10), pp.M2072-M2080._1",OD_595,logistic,17,17,3,-59.48644550507126,-56.1535921288464,0.01878954587262012,0.977390650712022,1,
98,"Clavibacter.michiganensis..RDA.R._35_TSB_Bae, Y.M., Zheng, L., Hyun, J.E., Jung, K.S., Heu, S. and Lee, S.Y., 2014. Growth characteristics and biofilm formation of various spoilage bacteria isolated from fresh produce. Journal of food science, 79(10), pp.M2072-M2080._1",OD_595,quadratic,17,17,3,-25.21046397923358,-21.877610603008716,0.14110931193500048,0.8302040005142615,1,
99,"Clavibacter.michiganensis..RDA.R._5_TSB_Bae, Y.M., Zheng, L., Hyun, J.E., Jung, K.S., Heu, S. and Lee, S.Y., 2014. Growth characteristics and biofilm formation of various spoilage bacteria isolated from fresh produce. Journal of food science, 79(10), pp.M2072-M2080._1",OD_595,cubic,29,29,4,-206.58294213192016,-199.7464629819878,9.692785255408498e-4,0.9968143882143663,1,
99,"Clavibacter.michiganensis..RDA.R._5_TSB_Bae, Y.M., Zheng, L., Hyun, J.E., Jung, K.S., Heu, S. and Lee, S.Y., 2014. Growth characteristics and biofilm formation of various spoilage bacteria isolated from fresh produce. Journal of food science, 79(10), pp.M2072-M2080._1",OD_595,logistic,29,29,3,-195.31113957788793,-189.84195625794203,0.0015318024158102054,0.9949656082328407,1,
99,"Clavibacter.michiganensis..RDA.R._5_TSB_Bae, Y.M., Zheng, L., Hyun, J.E., Jung, K.S., Heu, S. and Lee, S.Y., 2014. Growth characteristics and biofilm formation of various spoilage bacteria isolated from fresh produce. Journal of food science, 79(10), pp.M2072-M2080._1",OD_595,quadratic,29,29,3,-175.7198648253179,-170.250681505372,0.003010199302313901,0.9901067380305297,1,
100,"Clavibacter.michiganensis_15_TSB_Bae, Y.M., Zheng, L., Hyun, J.E., Jung, K.S., Heu, S. and Lee, S.Y., 2014. Growth characteristics and biofilm formation of various spoilage bacteria isolated from fresh produce. Journal of food science, 79(10), pp.M2072-M2080._1",OD_595,cubic,24,24,4,-83.40286930848457,-77.51260015674484,0.028678445758266242,0.9766793004322204,1,
100,"Clavibacter.michiganensis_15_TSB_Bae, Y.M., Zheng, L., Hyun, J.E., Jung, K.S., Heu, S. and Lee, S.Y., 2014. Growth characteristics and biofilm formation of various spoilage bacteria isolated from fresh produce. Journal of food science, 79(10), pp.M2072-M2080._1",OD_595,logistic,24,24,3,-33.32370502610591,-28.61148970471413,0.2511652276786556,0.795757801313951,1,
100,"Clavibacter.michiganensis_15_TSB_Bae, Y.M., Zheng, L., Hyun, J.E., Jung, K.S., Heu, S. and Lee, S.Y., 2014. Growth characteristics and biofilm formation of various spoilage bacteria isolated from fresh produce. Journal of food science, 79(10), pp.M2072-M2080._1",OD_595,quadratic,24,24,3,-56.3180370975367,-51.60582177614492,0.09635254710979707,0.9216481666169013,1,
101,"Clavibacter.michiganensis_25_TSB_Bae, Y.M., Zheng, L., Hyun, J.E., Jung, K.S., Heu, S. and Lee, S.Y., 2014. Growth characteristics and biofilm formation of various spoilage bacteria isolated from fresh produce. Journal of food science, 79(10), pp.M2072-M2080._1",OD_595,cubic,15,15,4,-68.26003577508133,-64.71978476957028,0.004761642612318864,0.9957301862916077,1,
101,"Clavibacter.michiganensis_25_TSB_Bae, Y.M., Zheng, L., Hyun, J.E., Jung, K.S., Heu, S. and Lee, S.Y., 2014. Growth characteristics and biofilm formation of various spoilage bacteria isolated from fresh produce. Journal of food science, 79(10), pp.M2072-M2080._1",OD_595,logistic,15,15,3,-31.478541725692423,-28.64634092128358,0.06318239056086968,0.9433437031481834,1,
101,"Clavibacter.michiganensis_25_TSB_Bae, Y.M., Zheng, L., Hyun, J.E., Jung, K.S., Heu, S. and Lee, S.Y., 2014. Growth characteristics and biofilm formation of various spoilage bacteria isolated from fresh produce. Journal of food science, 79(10), pp.M2072-M2080._1",OD_595,quadratic,15,15,3,-55.438394133206586,-52.606193328797744,0.012790492712740287,0.9885306341595943,1,
102,"Clavibacter.michiganensis_35_TSB_Bae, Y.M., Zheng, L., Hyun, J.E., Jung, K.S., Heu, S. and Lee, S.Y., 2014. Growth characteristics and biofilm formation of various spoilage bacteria isolated from fresh produce. Journal of food science, 79(10), pp.M2072-M2080._1",OD_595,cubic,17,17,4,-44.81667500191267,-40.65060828163159,0.03959018612414483,0.973037638894759,1,
102,"Clavibacter.michiganensis_35_TSB_Bae, Y.M., Zheng, L., Hyun, J.E., Jung, K.S., Heu, S. and Lee, S.Y., 2014. Growth characteristics and biofilm formation of various spoilage bacteria isolated from fresh produce. Journal of food science, 79(10), pp.M2072-M2080._1",OD_595,logistic,17,17,3,-79.84547967234012,-76.51262629611526,0.005672956437700049,0.9961365097014715,1,
102,"Clavibacter.michiganensis_35_TSB_Bae, Y.M., Zheng, L., Hyun, J.E., Jung, K.S., Heu, S. and Lee, S.Y., 2014. Growth characteristics and biofilm formation of various spoilage bacteria isolated from fresh produce. Journal of food science, 79(10), pp.M2072-M2080._1",OD_595,quadratic,17,17,3,-25.07565976614174,-21.742806389916876,0.14223270893549123,0.90313433618953,1,
103,"Clavibacter.michiganensis_5_TSB_Bae, Y.M., Zheng, L., Hyun, J.E., Jung, K.S., Heu, S. and Lee, S.Y., 2014. Growth characteristics and biofilm formation of various spoilage bacteria isolated from fresh produce. Journal of food science, 79(10), pp.M2072-M2080._1",OD_595,cubic,29,29,4,-197.65031316789063,-190.81383401795827,0.0013189268533814796,0.9972969514834864,1,
103,"Clavibacter.michiganensis_5_TSB_Bae, Y.M., Zheng, L., Hyun, J.E., Jung, K.S., Heu, S. and Lee, S.Y., 2014. Growth characteristics and biofilm formation of various spoilage bacteria isolated from fresh produce. Journal of food science, 79(10), pp.M2072-M2080._1",OD_595,logistic,29,29,3,-176.1449786209035,-170.6757953009576,0.0029663943554599326,0.9939205818416974,1,
103,"Clavibacter.michiganensis_5_TSB_Bae, Y.M., Zheng, L., Hyun, J.E., Jung, K.S., Heu, S. and Lee, S.Y., 2014. Growth characteristics and biofilm formation of various spoilage bacteria isolated from fresh produce. Journal of food science, 79(10), pp.M2072-M2080._1",OD_595,quadratic,29,29,3,-172.6903916607322,-167.2212083407863,0.003341670667712861,0.9931514792364109,1,
104,"Dickeya.zeae..RDA.R._15_TSB_Bae, Y.M., Zheng, L., Hyun, J.E., Jung, K.S., Heu, S. and Lee, S.Y., 2014. Growth characteristics and biofilm formation of various spoilage bacteria isolated from fresh produce. Journal of food science, 79(10), pp.M2072-M2080._1",OD_595,cubic,23,23,4,-70.7406140344394,-65.06314295479365,0.04024198882874393,0.9673015649172233,1,
104,"Dickeya.zeae..RDA.R._15_TSB_Bae, Y.M., Zheng, L., Hyun, J.E., Jung, K.S., Heu, S. and Lee, S.Y., 2014. Growth characteristics and biofilm formation of various spoilage bacteria isolated from fresh produce. Journal of food science, 79(10), pp.M2072-M2080._1",OD_595,logistic,23,23,3,-17.21529231439336,-12.67331545067676,0.4499135131776607,0.6344249319756369,1,
104,"Dickeya.zeae..RDA.R._15_TSB_Bae, Y.M., Zheng, L., Hyun, J.E., Jung, K.S., Heu, S. and Lee, S.Y., 2014. Growth characteristics and biofilm formation of various spoilage bacteria isolated from fresh produce. Journal of food science, 79(10), pp.M2072-M2080._1",OD_595,quadratic,23,23,3,-20.141077333436,-15.599100469719403,0.39617155100235635,0.6780927056756048,1,
105,"Dickeya.zeae..RDA.R._25_TSB_Bae, Y.M., Zheng, L., Hyun, J.E., Jung, K.S., Heu, S. and Lee, S.Y., 2014. Growth characteristics and biofilm formation of various spoilage bacteria isolated from fresh produce. Journal of food science, 79(10), pp.M2072-M2080._1",OD_595,cubic,16,16,4,-31.825686173882147,-27.96274256268324,0.06860473453839197,0.9535870928593041,1,
105,"Dickeya.zeae..RDA.R._25_TSB_Bae, Y.M., Zheng, L., Hyun, J.E., Jung, K.S., Heu, S. and Lee, S.Y., 2014. Growth characteristics and biofilm formation of various spoilage bacteria isolated from fresh produce. Journal of food science, 79(10), pp.M2072-M2080._1",OD_595,logistic,16,16,3,-52.97701314822113,-49.886658259262006,0.020726303892782565,0.9859781103386205,1,
105,"Dickeya.zeae..RDA.R._25_TSB_Bae, Y.M., Zheng, L., Hyun, J.E., Jung, K.S., Heu, S. and Lee, S.Y., 2014. Growth characteristics and biofilm formation of various spoilage bacteria isolated from fresh produce. Journal of food science, 79(10), pp.M2072-M2080._1",OD_595,quadratic,16,16,3,-16.683070331643282,-13.592715442684158,0.20029174709156886,0.8644973656503763,1,
106,"Dickeya.zeae..RDA.R._35_TSB_Bae, Y.M., Zheng, L., Hyun, J.E., Jung, K.S., Heu, S. and Lee, S.Y., 2014. Growth characteristics and biofilm formation of various spoilage bacteria isolated from fresh produce. Journal of food science, 79(10), pp.M2072-M2080._1",OD_595,cubic,18,18,4,4.483748039093182,8.935606828574006,0.7757199207744135,0.5250160282691383,1,
106,"Dickeya.zeae..RDA.R._35_TSB_Bae, Y.M., Zheng, L., Hyun, J.E., Jung, K.S., Heu, S. and Lee, S.Y., 2014. Growth characteristics and biofilm formation of various spoilage bacteria isolated from fresh produce. Journal of food science, 79(10), pp.M2072-M2080._1",OD_595,logistic,18,18,3,0.8200229356402584,4.3815099672249165,0.707234543644939,0.5669505661909814,1,
106,"Dickeya.zeae..RDA.R._35_TSB_Bae, Y.M., Zheng, L., Hyun, J.E., Jung, K.S., Heu, S. and Lee, S.Y., 2014. Growth characteristics and biofilm formation of various spoilage bacteria isolated from fresh produce. Journal of food science, 79(10), pp.M2072-M2080._1",OD_595,quadratic,18,18,3,12.04067161483206,15.602158646416719,1.3191353022181886,0.19227531958638777,1,
107,"Dickeya.zeae..RDA.R._5_TSB_Bae, Y.M., Zheng, L., Hyun, J.E., Jung, K.S., Heu, S. and Lee, S.Y., 2014. Growth characteristics and biofilm formation of various spoilage bacteria isolated from fresh produce. Journal of food science, 79(10), pp.M2072-M2080._1",OD_595,cubic,29,29,4,-259.1697184390038,-252.33323928907146,1.5809796817427575e-4,0.2297056407104544,1,
107,"Dickeya.zeae..RDA.R._5_TSB_Bae, Y.M., Zheng, L., Hyun, J.E., Jung, K.S., Heu, S. and Lee, S.Y., 2014. Growth characteristics and biofilm formation of various spoilage bacteria isolated from fresh produce. Journal of food science, 79(10), pp.M2072-M2080._1",OD_595,logistic,29,29,3,NA,NA,NA,NA,0,singular gradient matrix at initial parameter estimates
107,"Dickeya.zeae..RDA.R._5_TSB_Bae, Y.M., Zheng, L., Hyun, J.E., Jung, K.S., Heu, S. and Lee, S.Y., 2014. Growth characteristics and biofilm formation of various spoilage bacteria isolated from fresh produce. Journal of food science, 79(10), pp.M2072-M2080._1",OD_595,quadratic,29,29,3,-261.08785098555336,-255.61866766560746,1.5854491177805428e-4,0.2275280154007373,1,
108,"Dickeya.zeae_15_TSB_Bae, Y.M., Zheng, L., Hyun, J.E., Jung, K.S., Heu, S. and Lee, S.Y., 2014. Growth characteristics and biofilm formation of various spoilage bacteria isolated from fresh produce. Journal of food science, 79(10), pp.M2072-M2080._1",OD_595,cubic,25,25,4,-47.66147822328649,-41.567099098945484,0.14580861542125487,0.873141311215671,1,
108,"Dickeya.zeae_15_TSB_Bae, Y.M., Zheng, L., Hyun, J.E., Jung, K.S., Heu, S. and Lee, S.Y., 2014. Growth characteristics and biofilm formation of various spoilage bacteria isolated from fresh produce. Journal of food science, 79(10), pp.M2072-M2080._1",OD_595,logistic,25,25,3,-25.56647006365624,-20.690966764183436,0.3822577941896714,0.667422103910722,1,
108,"Dickeya.zeae_15_TSB_Bae, Y.M., Zheng, L., Hyun, J.E., Jung, K.S., Heu, S. and Lee, S.Y., 2014. Growth characteristics and biofilm formation of various spoilage bacteria isolated from fresh produce. Journal of food science, 79(10), pp.M2072-M2080._1",OD_595,quadratic,25,25,3,-20.548727745893814,-15.673224446421012,0.4672221907008007,0.5935000527094698,1,
109,"Dickeya.zeae_25_TSB_Bae, Y.M., Zheng, L., Hyun, J.E., Jung, K.S., Heu, S. and Lee, S.Y., 2014. Growth characteristics and biofilm formation of various spoilage bacteria isolated from fresh produce. Journal of food science, 79(10), pp.M2072-M2080._1",OD_595,cubic,16,16,4,-30.89464232376156,-27.03169871256265,0.07271529805560029,0.9442388922688426,1,
109,"Dickeya.zeae_25_TSB_Bae, Y.M., Zheng, L., Hyun, J.E., Jung, K.S., Heu, S. and Lee, S.Y., 2014. Growth characteristics and biofilm formation of various spoilage bacteria isolated from fresh produce. Journal of food science, 79(10), pp.M2072-M2080._1",OD_595,logistic,16,16,3,-21.329992323266275,-18.23963743430715,0.14980619338811904,0.8851223949887095,1,
109,"Dickeya.zeae_25_TSB_Bae, Y.M., Zheng, L., Hyun, J.E., Jung, K.S., Heu, S. and Lee, S.Y., 2014. Growth characteristics and biofilm formation of various spoilage bacteria isolated from fresh produce. Journal of food science, 79(10), pp.M2072-M2080._1",OD_595,quadratic,16,16,3,-15.248210731152568,-12.157855842193444,0.21908368149507187,0.8319975425715191,1,
110,"Dickeya.zeae_35_TSB_Bae, Y.M., Zheng, L., Hyun, J.E., Jung, K.S., Heu, S. and Lee, S.Y., 2014. Growth characteristics and biofilm formation of various spoilage bacteria isolated from fresh produce. Journal of food science, 79(10), pp.M2072-M2080._1",OD_595,cubic,18,18,4,5.556185281239302,10.008044070720125,0.8233417593931142,0.5454585195591404,1,
110,"Dickeya.zeae_35_TSB_Bae, Y.M., Zheng, L., Hyun, J.E., Jung, K.S., Heu, S. and Lee, S.Y., 2014. Growth characteristics and biofilm formation of various spoilage bacteria isolated from fresh produce. Journal of food science, 79(10), pp.M2072-M2080._1",OD_595,logistic,18,18,3,-7.204134287223525,-3.6426472556388667,0.45285674687222366,0.7499918183396181,1,
110,"Dickeya.zeae_35_TSB_Bae, Y.M., Zheng, L., Hyun, J.E., Jung, K.S., Heu, S. and Lee, S.Y., 2014. Growth characteristics and biofilm formation of various spoilage bacteria isolated from fresh produce. Journal of food science, 79(10), pp.M2072-M2080._1",OD_595,quadratic,18,18,3,13.224369206568417,16.785856238153073,1.4087987982732697,0.22224582428268447,1,
111,"Dickeya.zeae_5_TSB_Bae, Y.M., Zheng, L., Hyun, J.E., Jung, K.S., Heu, S. and Lee, S.Y., 2014. Growth characteristics and biofilm formation of various spoilage bacteria isolated from fresh produce. Journal of food science, 79(10), pp.M2072-M2080._1",OD_595,cubic,29,29,4,-267.699339165627,-260.86286001569465,1.1781198896885818e-4,0.6104841114717228,1,
111,"Dickeya.zeae_5_TSB_Bae, Y.M., Zheng, L., Hyun, J.E., Jung, K.S., Heu, S. and Lee, S.Y., 2014. Growth characteristics and biofilm formation of various spoilage bacteria isolated from fresh produce. Journal of food science, 79(10), pp.M2072-M2080._1",OD_595,logistic,29,29,3,-248.42955375904438,-242.96037043909848,2.453120113577063e-4,0.1889371624486047,1,
111,"Dickeya.zeae_5_TSB_Bae, Y.M., Zheng, L., Hyun, J.E., Jung, K.S., Heu, S. and Lee, S.Y., 2014. Growth characteristics and biofilm formation of various spoilage bacteria isolated from fresh produce. Journal of food science, 79(10), pp.M2072-M2080._1",OD_595,quadratic,29,29,3,-269.3446404239042,-263.8754571039583,1.192617945624886e-4,0.6056906917277824,1,
112,"Enterobacter.sp._15_TSB_Bae, Y.M., Zheng, L., Hyun, J.E., Jung, K.S., Heu, S. and Lee, S.Y., 2014. Growth characteristics and biofilm formation of various spoilage bacteria isolated from fresh produce. Journal of food science, 79(10), pp.M2072-M2080._1",OD_595,cubic,30,30,4,-40.38963481726276,-33.383647908951986,0.32747807305372856,0.9002399846530598,1,
112,"Enterobacter.sp._15_TSB_Bae, Y.M., Zheng, L., Hyun, J.E., Jung, K.S., Heu, S. and Lee, S.Y., 2014. Growth characteristics and biofilm formation of various spoilage bacteria isolated from fresh produce. Journal of food science, 79(10), pp.M2072-M2080._1",OD_595,logistic,30,30,3,-106.17419402299035,-100.56940449634173,0.03906664863065083,0.9880990826939798,1,
112,"Enterobacter.sp._15_TSB_Bae, Y.M., Zheng, L., Hyun, J.E., Jung, K.S., Heu, S. and Lee, S.Y., 2014. Growth characteristics and biofilm formation of various spoilage bacteria isolated from fresh produce. Journal of food science, 79(10), pp.M2072-M2080._1",OD_595,quadratic,30,30,3,-20.021248358588753,-14.416458831940131,0.6902362858845982,0.78973254046977,1,
113,"Enterobacter.sp._25_TSB_Bae, Y.M., Zheng, L., Hyun, J.E., Jung, K.S., Heu, S. and Lee, S.Y., 2014. Growth characteristics and biofilm formation of various spoilage bacteria isolated from fresh produce. Journal of food science, 79(10), pp.M2072-M2080._1",OD_595,cubic,17,17,4,-64.02488741888226,-59.85882069860118,0.012790291599350159,0.9938038938796698,1,
113,"Enterobacter.sp._25_TSB_Bae, Y.M., Zheng, L., Hyun, J.E., Jung, K.S., Heu, S. and Lee, S.Y., 2014. Growth characteristics and biofilm formation of various spoilage bacteria isolated from fresh produce. Journal of food science, 79(10), pp.M2072-M2080._1",OD_595,logistic,17,17,3,-76.57701312000628,-73.24415974378142,0.006875560295815893,0.996669215795536,1,
113,"Enterobacter.sp._25_TSB_Bae, Y.M., Zheng, L., Hyun, J.E., Jung, K.S., Heu, S. and Lee, S.Y., 2014. Growth characteristics and biofilm formation of various spoilage bacteria isolated from fresh produce. Journal of food science, 79(10), pp.M2072-M2080._1",OD_595,quadratic,17,17,3,-65.99968563007305,-62.666832253848185,0.012809266733013329,0.9937947015996572,1,
114,"Enterobacter.sp._35_TSB_Bae, Y.M., Zheng, L., Hyun, J.E., Jung, K.S., Heu, S. and Lee, S.Y., 2014. Growth characteristics and biofilm formation of various spoilage bacteria isolated from fresh produce. Journal of food science, 79(10), pp.M2072-M2080._1",OD_595,cubic,17,17,4,0.8673181950962565,5.0333849153773365,0.5816535408674991,0.720709786196301,1,
114,"Enterobacter.sp._35_TSB_Bae, Y.M., Zheng, L., Hyun, J.E., Jung, K.S., Heu, S. and Lee, S.Y., 2014. Growth characteristics and biofilm formation of various spoilage bacteria isolated from fresh produce. Journal of food science, 79(10), pp.M2072-M2080._1",OD_595,logistic,17,17,3,-60.62881284644803,-57.29595947022317,0.01756841285872512,0.9915642466885236,1,
114,"Enterobacter.sp._35_TSB_Bae, Y.M., Zheng, L., Hyun, J.E., Jung, K.S., Heu, S. and Lee, S.Y., 2014. Growth characteristics and biofilm formation of various spoilage bacteria isolated from fresh produce. Journal of food science, 79(10), pp.M2072-M2080._1",OD_595,quadratic,17,17,3,6.409986648549301,9.742840024774166,0.9064731039003489,0.5647424983985387,1,
115,"Enterobacter.sp._5_TSB_Bae, Y.M., Zheng, L., Hyun, J.E., Jung, K.S., Heu, S. and Lee, S.Y., 2014. Growth characteristics and biofilm formation of various spoilage bacteria isolated from fresh produce. Journal of food science, 79(10), pp.M2072-M2080._1",OD_595,cubic,29,29,4,-112.13395622456602,-105.29747707463365,0.02517013847390245,0.9611546507645145,1,
115,"Enterobacter.sp._5_TSB_Bae, Y.M., Zheng, L., Hyun, J.E., Jung, K.S., Heu, S. and Lee, S.Y., 2014. Growth characteristics and biofilm formation of various spoilage bacteria isolated from fresh produce. Journal of food science, 79(10), pp.M2072-M2080._1",OD_595,logistic,29,29,3,-178.56769615451756,-173.09851283457166,0.002728645165520473,0.995788852154935,1,
115,"Enterobacter.sp._5_TSB_Bae, Y.M., Zheng, L., Hyun, J.E., Jung, K.S., Heu, S. and Lee, S.Y., 2014. Growth characteristics and biofilm formation of various spoilage bacteria isolated from fresh produce. Journal of food science, 79(10), pp.M2072-M2080._1",OD_595,quadratic,29,29,3,-65.46722633304367,-59.99804301309777,0.13480393782259778,0.7919556124624844,1,
116,"Escherichia coli_10_C02 Beef Striploins_Gill, C.O. and DeLacy, K.M., 1991. Growth of Escherichia coli and Salmonella typhimurium on high-pH beef packed under vacuum or carbon dioxide. International journal of food microbiology, 13(1), pp.21-30._1",N,cubic,9,9,4,104.99487221078151,105.98099509746261,20218.09576098066,0.9943316004392695,1,
116,"Escherichia coli_10_C02 Beef Striploins_Gill, C.O. and DeLacy, K.M., 1991. Growth of Escherichia coli and Salmonella typhimurium on high-pH beef packed under vacuum or carbon dioxide. International journal of food microbiology, 13(1), pp.21-30._1",N,logistic,9,9,3,105.88956744231655,106.67846575166142,27888.40013623874,0.9921811333297362,1,
116,"Escherichia coli_10_C02 Beef Striploins_Gill, C.O. and DeLacy, K.M., 1991. Growth of Escherichia coli and Salmonella typhimurium on high-pH beef packed under vacuum or carbon dioxide. International journal of food microbiology, 13(1), pp.21-30._1",N,quadratic,9,9,3,123.10974792626575,123.89864623561063,188965.45560016786,0.9470211379854856,1,
117,"Escherichia coli_10_Vacuum Beef Striploins_Gill, C.O. and DeLacy, K.M., 1991. Growth of Escherichia coli and Salmonella typhimurium on high-pH beef packed under vacuum or carbon dioxide. International journal of food microbiology, 13(1), pp.21-30._1",N,cubic,6,6,4,89.15853597537645,88.11733332151672,188522.32842686947,0.9696758708253882,1,
117,"Escherichia coli_10_Vacuum Beef Striploins_Gill, C.O. and DeLacy, K.M., 1991. Growth of Escherichia coli and Salmonella typhimurium on high-pH beef packed under vacuum or carbon dioxide. International journal of food microbiology, 13(1), pp.21-30._1",N,logistic,6,6,3,88.61227604447524,87.77931392138746,240208.30023916895,0.9613620965428925,1,
117,"Escherichia coli_10_Vacuum Beef Striploins_Gill, C.O. and DeLacy, K.M., 1991. Growth of Escherichia coli and Salmonella typhimurium on high-pH beef packed under vacuum or carbon dioxide. International journal of food microbiology, 13(1), pp.21-30._1",N,quadratic,6,6,3,88.9597533840827,88.12679126099492,254530.16475248622,0.9590584008844146,1,
118,"Escherichia coli_12_C02 Beef Striploins_Gill, C.O. and DeLacy, K.M., 1991. Growth of Escherichia coli and Salmonella typhimurium on high-pH beef packed under vacuum or carbon dioxide. International journal of food microbiology, 13(1), pp.21-30._1",N,cubic,8,8,4,70.95711014173128,71.35431785013046,954.5148901453789,0.9925271085201959,1,
118,"Escherichia coli_12_C02 Beef Striploins_Gill, C.O. and DeLacy, K.M., 1991. Growth of Escherichia coli and Salmonella typhimurium on high-pH beef packed under vacuum or carbon dioxide. International journal of food microbiology, 13(1), pp.21-30._1",N,logistic,8,8,3,82.16034281510575,82.47810898182509,4972.148538372492,0.9610730782386592,1,
118,"Escherichia coli_12_C02 Beef Striploins_Gill, C.O. and DeLacy, K.M., 1991. Growth of Escherichia coli and Salmonella typhimurium on high-pH beef packed under vacuum or carbon dioxide. International journal of food microbiology, 13(1), pp.21-30._1",N,quadratic,8,8,3,87.01165826197473,87.32942442869407,9118.145864037,0.928614089478903,1,
119,"Escherichia coli_12_Vacuum Beef Striploins_Gill, C.O. and DeLacy, K.M., 1991. Growth of Escherichia coli and Salmonella typhimurium on high-pH beef packed under vacuum or carbon dioxide. International journal of food microbiology, 13(1), pp.21-30._1",N,cubic,7,7,4,111.06976323151318,110.79931397678975,764189.2043397102,0.9845013377019642,1,
119,"Escherichia coli_12_Vacuum Beef Striploins_Gill, C.O. and DeLacy, K.M., 1991. Growth of Escherichia coli and Salmonella typhimurium on high-pH beef packed under vacuum or carbon dioxide. International journal of food microbiology, 13(1), pp.21-30._1",N,logistic,7,7,3,106.59835319277033,106.38199378899158,536870.457232042,0.9891116311678062,1,
119,"Escherichia coli_12_Vacuum Beef Striploins_Gill, C.O. and DeLacy, K.M., 1991. Growth of Escherichia coli and Salmonella typhimurium on high-pH beef packed under vacuum or carbon dioxide. International journal of food microbiology, 13(1), pp.21-30._1",N,quadratic,7,7,3,117.53511094319605,117.31875153941729,2560994.133650673,0.9480600052980364,1,
120,"Escherichia coli_15_C02 Beef Striploins_Gill, C.O. and DeLacy, K.M., 1991. Growth of Escherichia coli and Salmonella typhimurium on high-pH beef packed under vacuum or carbon dioxide. International journal of food microbiology, 13(1), pp.21-30._1",N,cubic,7,7,4,90.67870431800003,90.4082550632766,41504.713203206855,0.997291359400172,1,
120,"Escherichia coli_15_C02 Beef Striploins_Gill, C.O. and DeLacy, K.M., 1991. Growth of Escherichia coli and Salmonella typhimurium on high-pH beef packed under vacuum or carbon dioxide. International journal of food microbiology, 13(1), pp.21-30._1",N,logistic,7,7,3,82.97403151841507,82.75767211463632,18372.47709768429,0.9988009931030591,1,
120,"Escherichia coli_15_C02 Beef Striploins_Gill, C.O. and DeLacy, K.M., 1991. Growth of Escherichia coli and Salmonella typhimurium on high-pH beef packed under vacuum or carbon dioxide. International journal of food microbiology, 13(1), pp.21-30._1",N,quadratic,7,7,3,106.78607972322186,106.5697203194431,551463.0883959496,0.9640109473056081,1,
121,"Escherichia coli_15_Vacuum Beef Striploins_Gill, C.O. and DeLacy, K.M., 1991. Growth of Escherichia coli and Salmonella typhimurium on high-pH beef packed under vacuum or carbon dioxide. International journal of food microbiology, 13(1), pp.21-30._1",N,cubic,5,5,4,78.18529786027456,76.23248742244506,244903.71641983977,0.9960368201594534,1,
121,"Escherichia coli_15_Vacuum Beef Striploins_Gill, C.O. and DeLacy, K.M., 1991. Growth of Escherichia coli and Salmonella typhimurium on high-pH beef packed under vacuum or carbon dioxide. International journal of food microbiology, 13(1), pp.21-30._1",N,logistic,5,5,3,NA,NA,NA,NA,0,Insufficient data for logistic
121,"Escherichia coli_15_Vacuum Beef Striploins_Gill, C.O. and DeLacy, K.M., 1991. Growth of Escherichia coli and Salmonella typhimurium on high-pH beef packed under vacuum or carbon dioxide. International journal of food microbiology, 13(1), pp.21-30._1",N,quadratic,5,5,3,83.76841252019736,82.20616416993376,1115979.8319874099,0.9819405403999382,1,
122,"Escherichia coli_20_C02 Beef Striploins_Gill, C.O. and DeLacy, K.M., 1991. Growth of Escherichia coli and Salmonella typhimurium on high-pH beef packed under vacuum or carbon dioxide. International journal of food microbiology, 13(1), pp.21-30._1",N,cubic,6,6,4,107.16330536917155,106.12210271531183,3789583.3273969805,0.9580540356682175,1,
122,"Escherichia coli_20_C02 Beef Striploins_Gill, C.O. and DeLacy, K.M., 1991. Growth of Escherichia coli and Salmonella typhimurium on high-pH beef packed under vacuum or carbon dioxide. International journal of food microbiology, 13(1), pp.21-30._1",N,logistic,6,6,3,103.27690728513909,102.4439451620513,2767256.489469036,0.9693699195990783,1,
122,"Escherichia coli_20_C02 Beef Striploins_Gill, C.O. and DeLacy, K.M., 1991. Growth of Escherichia coli and Salmonella typhimurium on high-pH beef packed under vacuum or carbon dioxide. International journal of food microbiology, 13(1), pp.21-30._1",N,quadratic,6,6,3,109.04406420105155,108.21110207796377,7235859.942521211,0.9199080487650209,1,
123,"Escherichia coli_20_Vacuum Beef Striploins_Gill, C.O. and DeLacy, K.M., 1991. Growth of Escherichia coli and Salmonella typhimurium on high-pH beef packed under vacuum or carbon dioxide. International journal of food microbiology, 13(1), pp.21-30._1",N,cubic,6,6,4,106.3644826277399,105.32327997388018,3317193.020229906,0.9847327758828598,1,
123,"Escherichia coli_20_Vacuum Beef Striploins_Gill, C.O. and DeLacy, K.M., 1991. Growth of Escherichia coli and Salmonella typhimurium on high-pH beef packed under vacuum or carbon dioxide. International journal of food microbiology, 13(1), pp.21-30._1",N,logistic,6,6,3,79.32239305011498,78.4894309270272,51069.76464595467,0.9997649538215881,1,
123,"Escherichia coli_20_Vacuum Beef Striploins_Gill, C.O. and DeLacy, K.M., 1991. Growth of Escherichia coli and Salmonella typhimurium on high-pH beef packed under vacuum or carbon dioxide. International journal of food microbiology, 13(1), pp.21-30._1",N,quadratic,6,6,3,112.85194969780302,112.01898757471524,13649416.786961783,0.9371792042597633,1,
124,"Escherichia coli_30_C02 Beef Striploins_Gill, C.O. and DeLacy, K.M., 1991. Growth of Escherichia coli and Salmonella typhimurium on high-pH beef packed under vacuum or carbon dioxide. International journal of food microbiology, 13(1), pp.21-30._1",N,cubic,7,7,4,103.69879241931636,103.42834316459293,266618.70800696296,0.996269011463037,1,
124,"Escherichia coli_30_C02 Beef Striploins_Gill, C.O. and DeLacy, K.M., 1991. Growth of Escherichia coli and Salmonella typhimurium on high-pH beef packed under vacuum or carbon dioxide. International journal of food microbiology, 13(1), pp.21-30._1",N,logistic,7,7,3,107.32803651132872,107.11167710754997,595854.9740248596,0.9916617701195933,1,
124,"Escherichia coli_30_C02 Beef Striploins_Gill, C.O. and DeLacy, K.M., 1991. Growth of Escherichia coli and Salmonella typhimurium on high-pH beef packed under vacuum or carbon dioxide. International journal of food microbiology, 13(1), pp.21-30._1",N,quadratic,7,7,3,121.11593121998644,120.89957181620768,4271398.411203068,0.9402272307591255,1,
125,"Escherichia coli_30_Vacuum Beef Striploins_Gill, C.O. and DeLacy, K.M., 1991. Growth of Escherichia coli and Salmonella typhimurium on high-pH beef packed under vacuum or carbon dioxide. International journal of food microbiology, 13(1), pp.21-30._1",N,cubic,6,6,4,111.36595680344989,110.32475414959016,7634656.738820161,0.9353957374986892,1,
125,"Escherichia coli_30_Vacuum Beef Striploins_Gill, C.O. and DeLacy, K.M., 1991. Growth of Escherichia coli and Salmonella typhimurium on high-pH beef packed under vacuum or carbon dioxide. International journal of food microbiology, 13(1), pp.21-30._1",N,logistic,6,6,3,101.6053362324171,100.77237410932932,2094387.6446481943,0.9822773473905699,1,
125,"Escherichia coli_30_Vacuum Beef Striploins_Gill, C.O. and DeLacy, K.M., 1991. Growth of Escherichia coli and Salmonella typhimurium on high-pH beef packed under vacuum or carbon dioxide. International journal of food microbiology, 13(1), pp.21-30._1",N,quadratic,6,6,3,112.63132774112852,111.79836561804073,13156638.608384129,0.8886688736156223,1,
126,"Escherichia coli_8_Vacuum Beef Striploins_Gill, C.O. and DeLacy, K.M., 1991. Growth of Escherichia coli and Salmonella typhimurium on high-pH beef packed under vacuum or carbon dioxide. International journal of food microbiology, 13(1), pp.21-30._1",N,cubic,7,7,4,70.70075742469223,70.4303081699688,2391.2460229899816,0.9887644719877566,1,
126,"Escherichia coli_8_Vacuum Beef Striploins_Gill, C.O. and DeLacy, K.M., 1991. Growth of Escherichia coli and Salmonella typhimurium on high-pH beef packed under vacuum or carbon dioxide. International journal of food microbiology, 13(1), pp.21-30._1",N,logistic,7,7,3,67.89113385392224,67.67477445014349,2130.0683502162033,0.9899916435252771,1,
126,"Escherichia coli_8_Vacuum Beef Striploins_Gill, C.O. and DeLacy, K.M., 1991. Growth of Escherichia coli and Salmonella typhimurium on high-pH beef packed under vacuum or carbon dioxide. International journal of food microbiology, 13(1), pp.21-30._1",N,quadratic,7,7,3,73.13665614733554,72.92029674355679,4506.471145540739,0.9788258580232665,1,
127,"Klebsiella.pneumonia..RDA.R._15_TSB_Bae, Y.M., Zheng, L., Hyun, J.E., Jung, K.S., Heu, S. and Lee, S.Y., 2014. Growth characteristics and biofilm formation of various spoilage bacteria isolated from fresh produce. Journal of food science, 79(10), pp.M2072-M2080._1",OD_595,cubic,29,29,4,-47.094807668377314,-40.25832851844494,0.23707761363971216,0.8762271617757262,1,
127,"Klebsiella.pneumonia..RDA.R._15_TSB_Bae, Y.M., Zheng, L., Hyun, J.E., Jung, K.S., Heu, S. and Lee, S.Y., 2014. Growth characteristics and biofilm formation of various spoilage bacteria isolated from fresh produce. Journal of food science, 79(10), pp.M2072-M2080._1",OD_595,logistic,29,29,3,-118.62727863597787,-113.15809531603198,0.02155733561856015,0.98874540462467575,1,
127,"Klebsiella.pneumonia..RDA.R._15_TSB_Bae, Y.M., Zheng, L., Hyun, J.E., Jung, K.S., Heu, S. and Lee, S.Y., 2014. Growth characteristics and biofilm formation of various spoilage bacteria isolated from fresh produce. Journal of food science, 79(10), pp.M2072-M2080._1",OD_595,quadratic,29,29,3,-28.689157760246268,-23.21997444030037,0.4791581315926114,0.7498424208217892,1,
128,"Klebsiella.pneumonia..RDA.R._25_TSB_Bae, Y.M., Zheng, L., Hyun, J.E., Jung, K.S., Heu, S. and Lee, S.Y., 2014. Growth characteristics and biofilm formation of various spoilage bacteria isolated from fresh produce. Journal of food science, 79(10), pp.M2072-M2080._1",OD_595,cubic,17,17,4,-4.779300058822297,-0.6132333385412174,0.4172647719093882,0.7540746258197631,1,
128,"Klebsiella.pneumonia..RDA.R._25_TSB_Bae, Y.M., Zheng, L., Hyun, J.E., Jung, K.S., Heu, S. and Lee, S.Y., 2014. Growth characteristics and biofilm formation of various spoilage bacteria isolated from fresh produce. Journal of food science, 79(10), pp.M2072-M2080._1",OD_595,logistic,17,17,3,-76.95636357002581,-73.62351019380095,0.006723833178988296,0.996037141638146,1,
128,"Klebsiella.pneumonia..RDA.R._25_TSB_Bae, Y.M., Zheng, L., Hyun, J.E., Jung, K.S., Heu, S. and Lee, S.Y., 2014. Growth characteristics and biofilm formation of various spoilage bacteria isolated from fresh produce. Journal of food science, 79(10), pp.M2072-M2080._1",OD_595,quadratic,17,17,3,2.1239639322332007,5.456817308458065,0.7044676253290294,0.5848044790262665,1,
129,"Klebsiella.pneumonia..RDA.R._35_TSB_Bae, Y.M., Zheng, L., Hyun, J.E., Jung, K.S., Heu, S. and Lee, S.Y., 2014. Growth characteristics and biofilm formation of various spoilage bacteria isolated from fresh produce. Journal of food science, 79(10), pp.M2072-M2080._1",OD_595,cubic,18,18,4,7.7904860857758855,12.242344875256709,0.9321550816435912,0.5054537709370874,1,
129,"Klebsiella.pneumonia..RDA.R._35_TSB_Bae, Y.M., Zheng, L., Hyun, J.E., Jung, K.S., Heu, S. and Lee, S.Y., 2014. Growth characteristics and biofilm formation of various spoilage bacteria isolated from fresh produce. Journal of food science, 79(10), pp.M2072-M2080._1",OD_595,logistic,18,18,3,-93.89537764338205,-90.33389061179739,0.003667079823606067,0.9980544648265615,1,
129,"Klebsiella.pneumonia..RDA.R._35_TSB_Bae, Y.M., Zheng, L., Hyun, J.E., Jung, K.S., Heu, S. and Lee, S.Y., 2014. Growth characteristics and biofilm formation of various spoilage bacteria isolated from fresh produce. Journal of food science, 79(10), pp.M2072-M2080._1",OD_595,quadratic,18,18,3,11.505010660199098,15.066497691783756,1.280457589626626,0.3206651072391459,1,
130,"Klebsiella.pneumonia..RDA.R._5_TSB_Bae, Y.M., Zheng, L., Hyun, J.E., Jung, K.S., Heu, S. and Lee, S.Y., 2014. Growth characteristics and biofilm formation of various spoilage bacteria isolated from fresh produce. Journal of food science, 79(10), pp.M2072-M2080._1",OD_595,cubic,29,29,4,-263.9241073551698,-257.0876282052374,1.341918439325333e-4,0.5141056746202435,1,
130,"Klebsiella.pneumonia..RDA.R._5_TSB_Bae, Y.M., Zheng, L., Hyun, J.E., Jung, K.S., Heu, S. and Lee, S.Y., 2014. Growth characteristics and biofilm formation of various spoilage bacteria isolated from fresh produce. Journal of food science, 79(10), pp.M2072-M2080._1",OD_595,logistic,29,29,3,-247.85218179630832,-242.38299847636242,2.50244963991436e-4,0.09388972984503796,1,
130,"Klebsiella.pneumonia..RDA.R._5_TSB_Bae, Y.M., Zheng, L., Hyun, J.E., Jung, K.S., Heu, S. and Lee, S.Y., 2014. Growth characteristics and biofilm formation of various spoilage bacteria isolated from fresh produce. Journal of food science, 79(10), pp.M2072-M2080._1",OD_595,quadratic,29,29,3,-265.78025613726584,-260.31107281731994,1.3485914104474205e-4,0.5116894630930544,1,
131,"Klebsiella.pneumonia_15_TSB_Bae, Y.M., Zheng, L., Hyun, J.E., Jung, K.S., Heu, S. and Lee, S.Y., 2014. Growth characteristics and biofilm formation of various spoilage bacteria isolated from fresh produce. Journal of food science, 79(10), pp.M2072-M2080._1",OD_595,cubic,34,34,4,-49.30167612301313,-41.66987349993232,0.34795452376340114,0.897787313476674,1,
131,"Klebsiella.pneumonia_15_TSB_Bae, Y.M., Zheng, L., Hyun, J.E., Jung, K.S., Heu, S. and Lee, S.Y., 2014. Growth characteristics and biofilm formation of various spoilage bacteria isolated from fresh produce. Journal of food science, 79(10), pp.M2072-M2080._1",OD_595,logistic,34,34,3,-119.62814039858354,-113.52269830011889,0.046640529828477655,0.9862992042664701,1,
131,"Klebsiella.pneumonia_15_TSB_Bae, Y.M., Zheng, L., Hyun, J.E., Jung, K.S., Heu, S. and Lee, S.Y., 2014. Growth characteristics and biofilm formation of various spoilage bacteria isolated from fresh produce. Journal of food science, 79(10), pp.M2072-M2080._1",OD_595,quadratic,34,34,3,-26.880591306276713,-20.775149207812067,0.7136117114287738,0.7903744162577964,1,
132,"Klebsiella.pneumonia_25_TSB_Bae, Y.M., Zheng, L., Hyun, J.E., Jung, K.S., Heu, S. and Lee, S.Y., 2014. Growth characteristics and biofilm formation of various spoilage bacteria isolated from fresh produce. Journal of food science, 79(10), pp.M2072-M2080._1",OD_595,cubic,17,17,4,1.8492266615683963,6.015293381849476,0.6162386463578806,0.6937326358866882,1,
132,"Klebsiella.pneumonia_25_TSB_Bae, Y.M., Zheng, L., Hyun, J.E., Jung, K.S., Heu, S. and Lee, S.Y., 2014. Growth characteristics and biofilm formation of various spoilage bacteria isolated from fresh produce. Journal of food science, 79(10), pp.M2072-M2080._1",OD_595,logistic,17,17,3,-70.48929261823544,-67.15643924201058,0.009836248061517023,0.9951114364794058,1,
132,"Klebsiella.pneumonia_25_TSB_Bae, Y.M., Zheng, L., Hyun, J.E., Jung, K.S., Heu, S. and Lee, S.Y., 2014. Growth characteristics and biofilm formation of various spoilage bacteria isolated from fresh produce. Journal of food science, 79(10), pp.M2072-M2080._1",OD_595,quadratic,17,17,3,7.1465178847319395,10.479371260956805,0.946609569082912,0.5295400259608307,1,
133,"Klebsiella.pneumonia_35_TSB_Bae, Y.M., Zheng, L., Hyun, J.E., Jung, K.S., Heu, S. and Lee, S.Y., 2014. Growth characteristics and biofilm formation of various spoilage bacteria isolated from fresh produce. Journal of food science, 79(10), pp.M2072-M2080._1",OD_595,cubic,18,18,4,10.52641341475516,14.978272204235983,1.0851734990806514,0.4521927984698254,1,
133,"Klebsiella.pneumonia_35_TSB_Bae, Y.M., Zheng, L., Hyun, J.E., Jung, K.S., Heu, S. and Lee, S.Y., 2014. Growth characteristics and biofilm formation of various spoilage bacteria isolated from fresh produce. Journal of food science, 79(10), pp.M2072-M2080._1",OD_595,logistic,18,18,3,-108.68363561027905,-105.1221485786944,0.0016125645016288295,0.9991859601734906,1,
133,"Klebsiella.pneumonia_35_TSB_Bae, Y.M., Zheng, L., Hyun, J.E., Jung, K.S., Heu, S. and Lee, S.Y., 2014. Growth characteristics and biofilm formation of various spoilage bacteria isolated from fresh produce. Journal of food science, 79(10), pp.M2072-M2080._1",OD_595,quadratic,18,18,3,13.45158548838133,17.013072519965988,1.4266949592121774,0.2797891086491199,1,
134,"Klebsiella.pneumonia_5_TSB_Bae, Y.M., Zheng, L., Hyun, J.E., Jung, K.S., Heu, S. and Lee, S.Y., 2014. Growth characteristics and biofilm formation of various spoilage bacteria isolated from fresh produce. Journal of food science, 79(10), pp.M2072-M2080._1",OD_595,cubic,29,29,4,-132.83872686903314,-126.00224771910077,0.012325874888132396,0.9656682522594207,1,
134,"Klebsiella.pneumonia_5_TSB_Bae, Y.M., Zheng, L., Hyun, J.E., Jung, K.S., Heu, S. and Lee, S.Y., 2014. Growth characteristics and biofilm formation of various spoilage bacteria isolated from fresh produce. Journal of food science, 79(10), pp.M2072-M2080._1",OD_595,logistic,29,29,3,-163.53595797481373,-158.06677465486783,0.004582024857021974,0.987237504602306,1,
134,"Klebsiella.pneumonia_5_TSB_Bae, Y.M., Zheng, L., Hyun, J.E., Jung, K.S., Heu, S. and Lee, S.Y., 2014. Growth characteristics and biofilm formation of various spoilage bacteria isolated from fresh produce. Journal of food science, 79(10), pp.M2072-M2080._1",OD_595,quadratic,29,29,3,-113.30694380665365,-107.83776048670775,0.025898265057395342,0.9278645361129512,1,
135,"Lactobacillus plantarum_12_MRS broth_Silva, A.P.R.D., Longhi, D.A., Dalcanton, F. and Aragão, G.M.F.D., 2018. Modelling the growth of lactic acid bacteria at different temperatures. Brazilian Archives of Biology and Technology, 61._1",N,cubic,16,16,4,662.6230986551384,666.4860422663373,485354196697706750,0.9494393576035455,1,
135,"Lactobacillus plantarum_12_MRS broth_Silva, A.P.R.D., Longhi, D.A., Dalcanton, F. and Aragão, G.M.F.D., 2018. Modelling the growth of lactic acid bacteria at different temperatures. Brazilian Archives of Biology and Technology, 61._1",N,logistic,16,16,3,596.757663743032,599.8480186319912,8964651607166025,0.9990661283095879,1,
135,"Lactobacillus plantarum_12_MRS broth_Silva, A.P.R.D., Longhi, D.A., Dalcanton, F. and Aragão, G.M.F.D., 2018. Modelling the growth of lactic acid bacteria at different temperatures. Brazilian Archives of Biology and Technology, 61._1",N,quadratic,16,16,3,660.6886890113826,663.7790439003418,487347940145473800,0.9492316640259919,1,
136,"Lactobacillus plantarum_16_MRS broth_Silva, A.P.R.D., Longhi, D.A., Dalcanton, F. and Aragão, G.M.F.D., 2018. Modelling the growth of lactic acid bacteria at different temperatures. Brazilian Archives of Biology and Technology, 61._1",N,cubic,18,18,4,759.8468914752749,764.2987502647558,1302289221060851500,0.8623658628353736,1,
136,"Lactobacillus plantarum_16_MRS broth_Silva, A.P.R.D., Longhi, D.A., Dalcanton, F. and Aragão, G.M.F.D., 2018. Modelling the growth of lactic acid bacteria at different temperatures. Brazilian Archives of Biology and Technology, 61._1",N,logistic,18,18,3,754.4702559707816,758.0317430023663,1079537591841007100,0.8859076596911548,1,
136,"Lactobacillus plantarum_16_MRS broth_Silva, A.P.R.D., Longhi, D.A., Dalcanton, F. and Aragão, G.M.F.D., 2018. Modelling the growth of lactic acid bacteria at different temperatures. Brazilian Archives of Biology and Technology, 61._1",N,quadratic,18,18,3,758.0721891547113,761.6336761862959,1318691810930367200,0.8606323337026384,1,
137,"Lactobacillus plantarum_20_MRS broth_Silva, A.P.R.D., Longhi, D.A., Dalcanton, F. and Aragão, G.M.F.D., 2018. Modelling the growth of lactic acid bacteria at different temperatures. Brazilian Archives of Biology and Technology, 61._1",N,cubic,16,16,4,665.4047328552299,669.2676764664288,577513064338719e3,0.9668327827896683,1,
137,"Lactobacillus plantarum_20_MRS broth_Silva, A.P.R.D., Longhi, D.A., Dalcanton, F. and Aragão, G.M.F.D., 2018. Modelling the growth of lactic acid bacteria at different temperatures. Brazilian Archives of Biology and Technology, 61._1",N,logistic,16,16,3,660.2811990060037,663.3715538949629,475092821579288960,0.9727148911749162,1,
137,"Lactobacillus plantarum_20_MRS broth_Silva, A.P.R.D., Longhi, D.A., Dalcanton, F. and Aragão, G.M.F.D., 2018. Modelling the growth of lactic acid bacteria at different temperatures. Brazilian Archives of Biology and Technology, 61._1",N,quadratic,16,16,3,667.8799346843406,670.9702895732997,763895636725451100,0.9561286244869475,1,
138,"Lactobacillus plantarum_30_MRS broth_Silva, A.P.R.D., Longhi, D.A., Dalcanton, F. and Aragão, G.M.F.D., 2018. Modelling the growth of lactic acid bacteria at different temperatures. Brazilian Archives of Biology and Technology, 61._1",N,cubic,13,13,4,569.99412214763,572.8188689349378,3884567109916863500,0.9482467082435377,1,
138,"Lactobacillus plantarum_30_MRS broth_Silva, A.P.R.D., Longhi, D.A., Dalcanton, F. and Aragão, G.M.F.D., 2018. Modelling the growth of lactic acid bacteria at different temperatures. Brazilian Archives of Biology and Technology, 61._1",N,logistic,13,13,3,569.0058237713436,571.2656212011897,4198951089134067e3,0.9440582348977049,1,
138,"Lactobacillus plantarum_30_MRS broth_Silva, A.P.R.D., Longhi, D.A., Dalcanton, F. and Aragão, G.M.F.D., 2018. Modelling the growth of lactic acid bacteria at different temperatures. Brazilian Archives of Biology and Technology, 61._1",N,quadratic,13,13,3,574.45132165136215,576.7111190812083,6383517040440361e3,0.9149537102904294,1,
139,"Lactobacillus plantarum_8_MRS broth_Silva, A.P.R.D., Longhi, D.A., Dalcanton, F. and Aragão, G.M.F.D., 2018. Modelling the growth of lactic acid bacteria at different temperatures. Brazilian Archives of Biology and Technology, 61._1",N,cubic,11,11,4,141.27195984045963,143.26143620445148,98108.83840237813,0.8464774202284039,1,
139,"Lactobacillus plantarum_8_MRS broth_Silva, A.P.R.D., Longhi, D.A., Dalcanton, F. and Aragão, G.M.F.D., 2018. Modelling the growth of lactic acid bacteria at different temperatures. Brazilian Archives of Biology and Technology, 61._1",N,logistic,11,11,3,135.86673702503992,137.45831811623339,71988.88613498055,0.8873504192456323,1,
139,"Lactobacillus plantarum_8_MRS broth_Silva, A.P.R.D., Longhi, D.A., Dalcanton, F. and Aragão, G.M.F.D., 2018. Modelling the growth of lactic acid bacteria at different temperatures. Brazilian Archives of Biology and Technology, 61._1",N,quadratic,11,11,3,143.45991793423883,145.05149902543232,143566.87024960565,0.7753438258023528,1,
140,"Lactobacillus sakei_12_MRS broth_Silva, A.P.R.D., Longhi, D.A., Dalcanton, F. and Aragão, G.M.F.D., 2018. Modelling the growth of lactic acid bacteria at different temperatures. Brazilian Archives of Biology and Technology, 61._1",N,cubic,13,13,4,534.3221764722621,537.1469232595698,249827582365577950,0.7336046841180563,1,
140,"Lactobacillus sakei_12_MRS broth_Silva, A.P.R.D., Longhi, D.A., Dalcanton, F. and Aragão, G.M.F.D., 2018. Modelling the growth of lactic acid bacteria at different temperatures. Brazilian Archives of Biology and Technology, 61._1",N,logistic,13,13,3,531.0196512759654,533.2794487058115,226009438917868e3,0.7590023675419358,1,
140,"Lactobacillus sakei_12_MRS broth_Silva, A.P.R.D., Longhi, D.A., Dalcanton, F. and Aragão, G.M.F.D., 2018. Modelling the growth of lactic acid bacteria at different temperatures. Brazilian Archives of Biology and Technology, 61._1",N,quadratic,13,13,3,533.2949759362496,535.5547733660957,269239612900187550,0.7129053123464878,1,
141,"Lactobacillus sakei_16_MRS broth_Silva, A.P.R.D., Longhi, D.A., Dalcanton, F. and Aragão, G.M.F.D., 2018. Modelling the growth of lactic acid bacteria at different temperatures. Brazilian Archives of Biology and Technology, 61._1",N,cubic,14,14,4,579.254674843454,582.4499614915303,373699527235287600,0.9227838966281848,1,
141,"Lactobacillus sakei_16_MRS broth_Silva, A.P.R.D., Longhi, D.A., Dalcanton, F. and Aragão, G.M.F.D., 2018. Modelling the growth of lactic acid bacteria at different temperatures. Brazilian Archives of Biology and Technology, 61._1",N,logistic,14,14,3,573.4983603869266,576.0545897053877,285757599124493730,0.9409550007287377,1,
141,"Lactobacillus sakei_16_MRS broth_Silva, A.P.R.D., Longhi, D.A., Dalcanton, F. and Aragão, G.M.F.D., 2018. Modelling the growth of lactic acid bacteria at different temperatures. Brazilian Archives of Biology and Technology, 61._1",N,quadratic,14,14,3,581.5753367885849,584.131566107046,508808023706806850,0.8948669449875508,1,
142,"Lactobacillus sakei_20_MRS broth_Silva, A.P.R.D., Longhi, D.A., Dalcanton, F. and Aragão, G.M.F.D., 2018. Modelling the growth of lactic acid bacteria at different temperatures. Brazilian Archives of Biology and Technology, 61._1",N,cubic,13,13,4,545.0285981452002,547.853344932508,569262638837666800,0.9183183107761006,1,
142,"Lactobacillus sakei_20_MRS broth_Silva, A.P.R.D., Longhi, D.A., Dalcanton, F. and Aragão, G.M.F.D., 2018. Modelling the growth of lactic acid bacteria at different temperatures. Brazilian Archives of Biology and Technology, 61._1",N,logistic,13,13,3,526.0949111825903,528.3547086124364,154740667452822460,0.9777967527695339,1,
142,"Lactobacillus sakei_20_MRS broth_Silva, A.P.R.D., Longhi, D.A., Dalcanton, F. and Aragão, G.M.F.D., 2018. Modelling the growth of lactic acid bacteria at different temperatures. Brazilian Archives of Biology and Technology, 61._1",N,quadratic,13,13,3,543.0623258325111,545.3221232623572,570741472708427400,0.9181061175977605,1,
143,"Lactobacillus sakei_30_MRS broth_Silva, A.P.R.D., Longhi, D.A., Dalcanton, F. and Aragão, G.M.F.D., 2018. Modelling the growth of lactic acid bacteria at different temperatures. Brazilian Archives of Biology and Technology, 61._1",N,cubic,11,11,4,467.0865812697694,469.07605763376125,716635527462559200,0.9021185992938507,1,
143,"Lactobacillus sakei_30_MRS broth_Silva, A.P.R.D., Longhi, D.A., Dalcanton, F. and Aragão, G.M.F.D., 2018. Modelling the growth of lactic acid bacteria at different temperatures. Brazilian Archives of Biology and Technology, 61._1",N,logistic,11,11,3,455.59978980473625,457.1913708959297,302515281553478200,0.9586810612106912,1,
143,"Lactobacillus sakei_30_MRS broth_Silva, A.P.R.D., Longhi, D.A., Dalcanton, F. and Aragão, G.M.F.D., 2018. Modelling the growth of lactic acid bacteria at different temperatures. Brazilian Archives of Biology and Technology, 61._1",N,quadratic,11,11,3,474.7082831849419,476.29986427613534,1718603902403399400,0.7652651162552256,1,
144,"Lactobacillus sakei_4_MRS broth_Silva, A.P.R.D., Longhi, D.A., Dalcanton, F. and Aragão, G.M.F.D., 2018. Modelling the growth of lactic acid bacteria at different temperatures. Brazilian Archives of Biology and Technology, 61._1",N,cubic,9,9,4,167.895193918264,168.8813168049451,21927627.8701914,0.9903748599396035,1,
144,"Lactobacillus sakei_4_MRS broth_Silva, A.P.R.D., Longhi, D.A., Dalcanton, F. and Aragão, G.M.F.D., 2018. Modelling the growth of lactic acid bacteria at different temperatures. Brazilian Archives of Biology and Technology, 61._1",N,logistic,9,9,3,167.8933250025567,168.6822233119016,27378607.307540003,0.9879821505748964,1,
144,"Lactobacillus sakei_4_MRS broth_Silva, A.P.R.D., Longhi, D.A., Dalcanton, F. and Aragão, G.M.F.D., 2018. Modelling the growth of lactic acid bacteria at different temperatures. Brazilian Archives of Biology and Technology, 61._1",N,quadratic,9,9,3,172.0898578002081,172.878756109553,43643020.61410132,0.9808428805634493,1,
145,"Lactobacillus sakei_8_MRS broth_Silva, A.P.R.D., Longhi, D.A., Dalcanton, F. and Aragão, G.M.F.D., 2018. Modelling the growth of lactic acid bacteria at different temperatures. Brazilian Archives of Biology and Technology, 61._1",N,cubic,19,19,4,668.096412018485,672.8186069143172,1226836349051249.5,0.9892646372058406,1,
145,"Lactobacillus sakei_8_MRS broth_Silva, A.P.R.D., Longhi, D.A., Dalcanton, F. and Aragão, G.M.F.D., 2018. Modelling the growth of lactic acid bacteria at different temperatures. Brazilian Archives of Biology and Technology, 61._1",N,logistic,19,19,3,658.0553359695131,661.8330918861789,803501885727128,0.9929690017289244,1,
145,"Lactobacillus sakei_8_MRS broth_Silva, A.P.R.D., Longhi, D.A., Dalcanton, F. and Aragão, G.M.F.D., 2018. Modelling the growth of lactic acid bacteria at different temperatures. Brazilian Archives of Biology and Technology, 61._1",N,quadratic,19,19,3,694.6544760919478,698.4322320086136,5515127580732818,0.9517401848412562,1,
146,"Lactobaciulus plantarum_10_MRS_Zwietering, M.H., De Wit, J.C., Cuppers, H.G.A.M. and Van't Riet, K., 1994. Modeling of bacterial growth with shifts in temperature. Appl. Environ. Microbiol., 60(1), pp.204-213._1",N,cubic,151,151,4,2413.9931408220946,2429.0795400061693,72557299.5803547,0.695310188531572,1,
146,"Lactobaciulus plantarum_10_MRS_Zwietering, M.H., De Wit, J.C., Cuppers, H.G.A.M. and Van't Riet, K., 1994. Modeling of bacterial growth with shifts in temperature. Appl. Environ. Microbiol., 60(1), pp.204-213._1",N,logistic,151,151,3,2417.270924151702,2429.3400434989617,75138178.33405256,0.684472306396554,1,
146,"Lactobaciulus plantarum_10_MRS_Zwietering, M.H., De Wit, J.C., Cuppers, H.G.A.M. and Van't Riet, K., 1994. Modeling of bacterial growth with shifts in temperature. Appl. Environ. Microbiol., 60(1), pp.204-213._1",N,quadratic,151,151,3,2417.1925758844745,2429.2616952317344,75099202.04874915,0.6846359794809924,1,
147,"Lactobaciulus plantarum_15_MRS_Zwietering, M.H., De Wit, J.C., Cuppers, H.G.A.M. and Van't Riet, K., 1994. Modeling of bacterial growth with shifts in temperature. Appl. Environ. Microbiol., 60(1), pp.204-213._1",N,cubic,87,87,4,1616.5661617193111,1628.895702312584,533147550.03657496,0.6910680342218775,1,
147,"Lactobaciulus plantarum_15_MRS_Zwietering, M.H., De Wit, J.C., Cuppers, H.G.A.M. and Van't Riet, K., 1994. Modeling of bacterial growth with shifts in temperature. Appl. Environ. Microbiol., 60(1), pp.204-213._1",N,logistic,87,87,3,NA,NA,NA,NA,0,singular gradient matrix at initial parameter estimates
147,"Lactobaciulus plantarum_15_MRS_Zwietering, M.H., De Wit, J.C., Cuppers, H.G.A.M. and Van't Riet, K., 1994. Modeling of bacterial growth with shifts in temperature. Appl. Environ. Microbiol., 60(1), pp.204-213._1",N,quadratic,87,87,3,1630.303573465079,1640.1672059396972,638861704.0541785,0.6298120434384835,1,
148,"Lactobaciulus plantarum_20_MRS_Zwietering, M.H., De Wit, J.C., Cuppers, H.G.A.M. and Van't Riet, K., 1994. Modeling of bacterial growth with shifts in temperature. Appl. Environ. Microbiol., 60(1), pp.204-213._1",N,cubic,108,108,4,1931.6593653819116,1945.0700215175327,337608140.33754164,0.8456393331426982,1,
148,"Lactobaciulus plantarum_20_MRS_Zwietering, M.H., De Wit, J.C., Cuppers, H.G.A.M. and Van't Riet, K., 1994. Modeling of bacterial growth with shifts in temperature. Appl. Environ. Microbiol., 60(1), pp.204-213._1",N,logistic,108,108,3,1915.4762456266099,1926.2047705351067,296059572.31218976,0.8646361045503635,1,
148,"Lactobaciulus plantarum_20_MRS_Zwietering, M.H., De Wit, J.C., Cuppers, H.G.A.M. and Van't Riet, K., 1994. Modeling of bacterial growth with shifts in temperature. Appl. Environ. Microbiol., 60(1), pp.204-213._1",N,quadratic,108,108,3,1948.6201017826302,1959.348626691127,402400655.9529906,0.8160150003059266,1,
149,"Lactobaciulus plantarum_25_MRS_Zwietering, M.H., De Wit, J.C., Cuppers, H.G.A.M. and Van't Riet, K., 1994. Modeling of bacterial growth with shifts in temperature. Appl. Environ. Microbiol., 60(1), pp.204-213._1",N,cubic,87,87,4,1639.0057672206492,1651.335307813922,690022851.5338875,0.7799088808238841,1,
149,"Lactobaciulus plantarum_25_MRS_Zwietering, M.H., De Wit, J.C., Cuppers, H.G.A.M. and Van't Riet, K., 1994. Modeling of bacterial growth with shifts in temperature. Appl. Environ. Microbiol., 60(1), pp.204-213._1",N,logistic,87,87,3,1622.9824932702338,1632.846125744852,587301113.3915727,0.8126732193689064,1,
149,"Lactobaciulus plantarum_25_MRS_Zwietering, M.H., De Wit, J.C., Cuppers, H.G.A.M. and Van't Riet, K., 1994. Modeling of bacterial growth with shifts in temperature. Appl. Environ. Microbiol., 60(1), pp.204-213._1",N,quadratic,87,87,3,1657.9568401704557,1667.820472645074,877907860.5176975,0.7199806888636638,1,
150,"Oscillatoria agardhii Strain 97_15_Z8_Sivonen, K., 1990. Effects of light, temperature, nitrate, orthophosphate, and bacteria on growth of and hepatotoxin production by Oscillatoria agardhii strains. Appl. Environ. Microbiol., 56(9), pp.2658-2666._1",DryWeight,cubic,7,7,4,17.9465869752577,17.676137720534264,1.2753999215603944,0.8399094631454995,1,
150,"Oscillatoria agardhii Strain 97_15_Z8_Sivonen, K., 1990. Effects of light, temperature, nitrate, orthophosphate, and bacteria on growth of and hepatotoxin production by Oscillatoria agardhii strains. Appl. Environ. Microbiol., 56(9), pp.2658-2666._1",DryWeight,logistic,7,7,3,16.41938153119378,16.20302212741503,1.3645188461269155,0.8287230923165795,1,
150,"Oscillatoria agardhii Strain 97_15_Z8_Sivonen, K., 1990. Effects of light, temperature, nitrate, orthophosphate, and bacteria on growth of and hepatotoxin production by Oscillatoria agardhii strains. Appl. Environ. Microbiol., 56(9), pp.2658-2666._1",DryWeight,quadratic,7,7,3,17.086948642430066,16.870589238651316,1.501055613593279,0.8115847468967949,1,
151,"Oscillatoria agardhii Strain 97_20_Z8_Sivonen, K., 1990. Effects of light, temperature, nitrate, orthophosphate, and bacteria on growth of and hepatotoxin production by Oscillatoria agardhii strains. Appl. Environ. Microbiol., 56(9), pp.2658-2666._1",DryWeight,cubic,7,7,4,14.126174395501698,13.855725140778263,0.7389585622922189,0.9304176760204842,1,
151,"Oscillatoria agardhii Strain 97_20_Z8_Sivonen, K., 1990. Effects of light, temperature, nitrate, orthophosphate, and bacteria on growth of and hepatotoxin production by Oscillatoria agardhii strains. Appl. Environ. Microbiol., 56(9), pp.2658-2666._1",DryWeight,logistic,7,7,3,12.28621164341003,12.069852239631285,0.7560475799845995,0.9288085281923917,1,
151,"Oscillatoria agardhii Strain 97_20_Z8_Sivonen, K., 1990. Effects of light, temperature, nitrate, orthophosphate, and bacteria on growth of and hepatotoxin production by Oscillatoria agardhii strains. Appl. Environ. Microbiol., 56(9), pp.2658-2666._1",DryWeight,quadratic,7,7,3,14.196622186248167,13.980262782469419,0.9932874540043168,0.9064693841357976,1,
152,"Oscillatoria agardhii Strain 97_25_Z8_Sivonen, K., 1990. Effects of light, temperature, nitrate, orthophosphate, and bacteria on growth of and hepatotoxin production by Oscillatoria agardhii strains. Appl. Environ. Microbiol., 56(9), pp.2658-2666._1",DryWeight,cubic,6,6,4,7.526442379533267,6.485239725673542,0.23261345357884256,0.9865822671093584,1,
152,"Oscillatoria agardhii Strain 97_25_Z8_Sivonen, K., 1990. Effects of light, temperature, nitrate, orthophosphate, and bacteria on growth of and hepatotoxin production by Oscillatoria agardhii strains. Appl. Environ. Microbiol., 56(9), pp.2658-2666._1",DryWeight,logistic,6,6,3,11.78843685576177,10.955474732673988,0.6605308463776798,0.9618989085697006,1,
152,"Oscillatoria agardhii Strain 97_25_Z8_Sivonen, K., 1990. Effects of light, temperature, nitrate, orthophosphate, and bacteria on growth of and hepatotoxin production by Oscillatoria agardhii strains. Appl. Environ. Microbiol., 56(9), pp.2658-2666._1",DryWeight,quadratic,6,6,3,15.432999201303394,14.600037078215614,1.212537902380206,0.9300577441089317,1,
153,"Oscillatoria agardhii Strain 97_30_Z8_Sivonen, K., 1990. Effects of light, temperature, nitrate, orthophosphate, and bacteria on growth of and hepatotoxin production by Oscillatoria agardhii strains. Appl. Environ. Microbiol., 56(9), pp.2658-2666._1",DryWeight,cubic,6,6,4,-6.1956452074799735,-7.236847861339699,0.023626370459242516,0.990556444086628,1,
153,"Oscillatoria agardhii Strain 97_30_Z8_Sivonen, K., 1990. Effects of light, temperature, nitrate, orthophosphate, and bacteria on growth of and hepatotoxin production by Oscillatoria agardhii strains. Appl. Environ. Microbiol., 56(9), pp.2658-2666._1",DryWeight,logistic,6,6,3,11.02479004002546,10.19182791693768,0.5815921071129141,0.7675352804709761,1,
153,"Oscillatoria agardhii Strain 97_30_Z8_Sivonen, K., 1990. Effects of light, temperature, nitrate, orthophosphate, and bacteria on growth of and hepatotoxin production by Oscillatoria agardhii strains. Appl. Environ. Microbiol., 56(9), pp.2658-2666._1",DryWeight,quadratic,6,6,3,1.627886786769496,0.7949246636817158,0.12146410814542438,0.95145030428106,1,
154,"Oscillatoria agardhii StrainCYA 128_15_Z8_Sivonen, K., 1990. Effects of light, temperature, nitrate, orthophosphate, and bacteria on growth of and hepatotoxin production by Oscillatoria agardhii strains. Appl. Environ. Microbiol., 56(9), pp.2658-2666._1",DryWeight,cubic,7,7,4,9.433901176953466,9.163451922230031,0.3780086584058691,0.881603136608935,1,
154,"Oscillatoria agardhii StrainCYA 128_15_Z8_Sivonen, K., 1990. Effects of light, temperature, nitrate, orthophosphate, and bacteria on growth of and hepatotoxin production by Oscillatoria agardhii strains. Appl. Environ. Microbiol., 56(9), pp.2658-2666._1",DryWeight,logistic,7,7,3,7.994406079227732,7.778046675448984,0.40952142838363137,0.8717329576086297,1,
154,"Oscillatoria agardhii StrainCYA 128_15_Z8_Sivonen, K., 1990. Effects of light, temperature, nitrate, orthophosphate, and bacteria on growth of and hepatotoxin production by Oscillatoria agardhii strains. Appl. Environ. Microbiol., 56(9), pp.2658-2666._1",DryWeight,quadratic,7,7,3,8.082219738534219,7.865860334755471,0.4146911550862632,0.8701137369570132,1,
155,"Oscillatoria agardhii StrainCYA 128_20_Z8_Sivonen, K., 1990. Effects of light, temperature, nitrate, orthophosphate, and bacteria on growth of and hepatotoxin production by Oscillatoria agardhii strains. Appl. Environ. Microbiol., 56(9), pp.2658-2666._1",DryWeight,cubic,7,7,4,18.042860751526298,17.772411496802864,1.2930621821459356,0.8122099272336505,1,
155,"Oscillatoria agardhii StrainCYA 128_20_Z8_Sivonen, K., 1990. Effects of light, temperature, nitrate, orthophosphate, and bacteria on growth of and hepatotoxin production by Oscillatoria agardhii strains. Appl. Environ. Microbiol., 56(9), pp.2658-2666._1",DryWeight,logistic,7,7,3,16.82969045648825,16.6133310527095,1.446891458702438,0.7898694617579691,1,
155,"Oscillatoria agardhii StrainCYA 128_20_Z8_Sivonen, K., 1990. Effects of light, temperature, nitrate, orthophosphate, and bacteria on growth of and hepatotoxin production by Oscillatoria agardhii strains. Appl. Environ. Microbiol., 56(9), pp.2658-2666._1",DryWeight,quadratic,7,7,3,17.126694199162202,16.910334795383456,1.5096027544140478,0.7807619656548728,1,
156,"Oscillatoria agardhii StrainCYA 128_25_Z8_Sivonen, K., 1990. Effects of light, temperature, nitrate, orthophosphate, and bacteria on growth of and hepatotoxin production by Oscillatoria agardhii strains. Appl. Environ. Microbiol., 56(9), pp.2658-2666._1",DryWeight,cubic,7,7,4,4.718020352342506,4.447571097619072,0.1927164312879381,0.9861882945192074,1,
156,"Oscillatoria agardhii StrainCYA 128_25_Z8_Sivonen, K., 1990. Effects of light, temperature, nitrate, orthophosphate, and bacteria on growth of and hepatotoxin production by Oscillatoria agardhii strains. Appl. Environ. Microbiol., 56(9), pp.2658-2666._1",DryWeight,logistic,7,7,3,4.285137943194382,4.068778539415635,0.24107155113050424,0.9827227536242742,1,
156,"Oscillatoria agardhii StrainCYA 128_25_Z8_Sivonen, K., 1990. Effects of light, temperature, nitrate, orthophosphate, and bacteria on growth of and hepatotoxin production by Oscillatoria agardhii strains. Appl. Environ. Microbiol., 56(9), pp.2658-2666._1",DryWeight,quadratic,7,7,3,6.387078185650118,6.17071878187137,0.32550276608780465,0.9766716916230617,1,
157,"Oscillatoria agardhii StrainCYA 128_30_Z8_Sivonen, K., 1990. Effects of light, temperature, nitrate, orthophosphate, and bacteria on growth of and hepatotoxin production by Oscillatoria agardhii strains. Appl. Environ. Microbiol., 56(9), pp.2658-2666._1",DryWeight,cubic,7,7,4,12.346817788089822,12.076368533366388,0.5730930220245894,0.9481771853376005,1,
157,"Oscillatoria agardhii StrainCYA 128_30_Z8_Sivonen, K., 1990. Effects of light, temperature, nitrate, orthophosphate, and bacteria on growth of and hepatotoxin production by Oscillatoria agardhii strains. Appl. Environ. Microbiol., 56(9), pp.2658-2666._1",DryWeight,logistic,7,7,3,10.263690550674195,10.047331146895448,0.566327609434833,0.9487889581376165,1,
157,"Oscillatoria agardhii StrainCYA 128_30_Z8_Sivonen, K., 1990. Effects of light, temperature, nitrate, orthophosphate, and bacteria on growth of and hepatotoxin production by Oscillatoria agardhii strains. Appl. Environ. Microbiol., 56(9), pp.2658-2666._1",DryWeight,quadratic,7,7,3,10.748388137535793,10.532028733757047,0.6069310774604187,0.9451173273250356,1,
158,"Pantoea.agglomerans..RDA.R._15_TSB_Bae, Y.M., Zheng, L., Hyun, J.E., Jung, K.S., Heu, S. and Lee, S.Y., 2014. Growth characteristics and biofilm formation of various spoilage bacteria isolated from fresh produce. Journal of food science, 79(10), pp.M2072-M2080._1",OD_595,cubic,23,23,4,-55.89218705100805,-50.2147159713623,0.07674549829666909,0.9085310129757114,1,
158,"Pantoea.agglomerans..RDA.R._15_TSB_Bae, Y.M., Zheng, L., Hyun, J.E., Jung, K.S., Heu, S. and Lee, S.Y., 2014. Growth characteristics and biofilm formation of various spoilage bacteria isolated from fresh produce. Journal of food science, 79(10), pp.M2072-M2080._1",OD_595,logistic,23,23,3,-21.53818103039255,-16.996204166675952,0.37282296714041147,0.5556516030178259,1,
158,"Pantoea.agglomerans..RDA.R._15_TSB_Bae, Y.M., Zheng, L., Hyun, J.E., Jung, K.S., Heu, S. and Lee, S.Y., 2014. Growth characteristics and biofilm formation of various spoilage bacteria isolated from fresh produce. Journal of food science, 79(10), pp.M2072-M2080._1",OD_595,quadratic,23,23,3,-19.20097851767013,-14.659001653953531,0.4127001039363224,0.508124107736591,1,
159,"Pantoea.agglomerans..RDA.R._25_TSB_Bae, Y.M., Zheng, L., Hyun, J.E., Jung, K.S., Heu, S. and Lee, S.Y., 2014. Growth characteristics and biofilm formation of various spoilage bacteria isolated from fresh produce. Journal of food science, 79(10), pp.M2072-M2080._1",OD_595,cubic,17,17,4,-38.138538512835524,-33.972471792554444,0.058639751542932175,0.9400378534351472,1,
159,"Pantoea.agglomerans..RDA.R._25_TSB_Bae, Y.M., Zheng, L., Hyun, J.E., Jung, K.S., Heu, S. and Lee, S.Y., 2014. Growth characteristics and biofilm formation of various spoilage bacteria isolated from fresh produce. Journal of food science, 79(10), pp.M2072-M2080._1",OD_595,logistic,17,17,3,-28.27620434802003,-24.943350971795166,0.11782461240425633,0.8795183046988451,1,
159,"Pantoea.agglomerans..RDA.R._25_TSB_Bae, Y.M., Zheng, L., Hyun, J.E., Jung, K.S., Heu, S. and Lee, S.Y., 2014. Growth characteristics and biofilm formation of various spoilage bacteria isolated from fresh produce. Journal of food science, 79(10), pp.M2072-M2080._1",OD_595,quadratic,17,17,3,-19.065473934758433,-15.732620558533569,0.20255366313684864,0.7928785147159543,1,
160,"Pantoea.agglomerans..RDA.R._35_TSB_Bae, Y.M., Zheng, L., Hyun, J.E., Jung, K.S., Heu, S. and Lee, S.Y., 2014. Growth characteristics and biofilm formation of various spoilage bacteria isolated from fresh produce. Journal of food science, 79(10), pp.M2072-M2080._1",OD_595,cubic,17,17,4,-4.51528954392448,-0.34922282364339985,0.42379548629445385,0.5356563910066077,1,
160,"Pantoea.agglomerans..RDA.R._35_TSB_Bae, Y.M., Zheng, L., Hyun, J.E., Jung, K.S., Heu, S. and Lee, S.Y., 2014. Growth characteristics and biofilm formation of various spoilage bacteria isolated from fresh produce. Journal of food science, 79(10), pp.M2072-M2080._1",OD_595,logistic,17,17,3,-16.022748298082366,-12.689894921857501,0.2422544731377565,0.7345669786737159,1,
160,"Pantoea.agglomerans..RDA.R._35_TSB_Bae, Y.M., Zheng, L., Hyun, J.E., Jung, K.S., Heu, S. and Lee, S.Y., 2014. Growth characteristics and biofilm formation of various spoilage bacteria isolated from fresh produce. Journal of food science, 79(10), pp.M2072-M2080._1",OD_595,quadratic,17,17,3,3.0921264376236888,6.424979813848553,0.7457520048684073,0.18289555091189746,1,
161,"Pantoea.agglomerans..RDA.R._5_TSB_Bae, Y.M., Zheng, L., Hyun, J.E., Jung, K.S., Heu, S. and Lee, S.Y., 2014. Growth characteristics and biofilm formation of various spoilage bacteria isolated from fresh produce. Journal of food science, 79(10), pp.M2072-M2080._1",OD_595,cubic,29,29,4,-93.65303669328753,-86.81655754335516,0.0476046953397093,0.9281527371352741,1,
161,"Pantoea.agglomerans..RDA.R._5_TSB_Bae, Y.M., Zheng, L., Hyun, J.E., Jung, K.S., Heu, S. and Lee, S.Y., 2014. Growth characteristics and biofilm formation of various spoilage bacteria isolated from fresh produce. Journal of food science, 79(10), pp.M2072-M2080._1",OD_595,logistic,29,29,3,-150.42344353213167,-144.95426021218577,0.0072015528716291525,0.9891310750229597,1,
161,"Pantoea.agglomerans..RDA.R._5_TSB_Bae, Y.M., Zheng, L., Hyun, J.E., Jung, K.S., Heu, S. and Lee, S.Y., 2014. Growth characteristics and biofilm formation of various spoilage bacteria isolated from fresh produce. Journal of food science, 79(10), pp.M2072-M2080._1",OD_595,quadratic,29,29,3,-88.87083404897086,-83.40165072902496,0.060147534636943514,0.9092224894858013,1,
162,"Pantoea.agglomerans.1_15_TSB_Bae, Y.M., Zheng, L., Hyun, J.E., Jung, K.S., Heu, S. and Lee, S.Y., 2014. Growth characteristics and biofilm formation of various spoilage bacteria isolated from fresh produce. Journal of food science, 79(10), pp.M2072-M2080._1",OD_595,cubic,23,23,4,-44.02859839205347,-38.35112731240772,0.12854807169805005,0.8754331754828765,1,
162,"Pantoea.agglomerans.1_15_TSB_Bae, Y.M., Zheng, L., Hyun, J.E., Jung, K.S., Heu, S. and Lee, S.Y., 2014. Growth characteristics and biofilm formation of various spoilage bacteria isolated from fresh produce. Journal of food science, 79(10), pp.M2072-M2080._1",OD_595,logistic,23,23,3,-14.28099052917009,-9.739013665453491,0.5111349829603999,0.5046953183665928,1,
162,"Pantoea.agglomerans.1_15_TSB_Bae, Y.M., Zheng, L., Hyun, J.E., Jung, K.S., Heu, S. and Lee, S.Y., 2014. Growth characteristics and biofilm formation of various spoilage bacteria isolated from fresh produce. Journal of food science, 79(10), pp.M2072-M2080._1",OD_595,quadratic,23,23,3,-10.446213812369962,-5.904236948653363,0.6038725298165455,0.4148299351462761,1,
163,"Pantoea.agglomerans.1_25_TSB_Bae, Y.M., Zheng, L., Hyun, J.E., Jung, K.S., Heu, S. and Lee, S.Y., 2014. Growth characteristics and biofilm formation of various spoilage bacteria isolated from fresh produce. Journal of food science, 79(10), pp.M2072-M2080._1",OD_595,cubic,15,15,4,-30.359009443603455,-26.818758438092402,0.059580466919344835,0.9364150714323188,1,
163,"Pantoea.agglomerans.1_25_TSB_Bae, Y.M., Zheng, L., Hyun, J.E., Jung, K.S., Heu, S. and Lee, S.Y., 2014. Growth characteristics and biofilm formation of various spoilage bacteria isolated from fresh produce. Journal of food science, 79(10), pp.M2072-M2080._1",OD_595,logistic,15,15,3,-16.781906265676465,-13.949705461267625,0.16830895852761868,0.8203788312070998,1,
163,"Pantoea.agglomerans.1_25_TSB_Bae, Y.M., Zheng, L., Hyun, J.E., Jung, K.S., Heu, S. and Lee, S.Y., 2014. Growth characteristics and biofilm formation of various spoilage bacteria isolated from fresh produce. Journal of food science, 79(10), pp.M2072-M2080._1",OD_595,quadratic,15,15,3,-23.09457699308456,-20.262376188675717,0.1104934909879082,0.8820801330548363,1,
164,"Pantoea.agglomerans.1_35_TSB_Bae, Y.M., Zheng, L., Hyun, J.E., Jung, K.S., Heu, S. and Lee, S.Y., 2014. Growth characteristics and biofilm formation of various spoilage bacteria isolated from fresh produce. Journal of food science, 79(10), pp.M2072-M2080._1",OD_595,cubic,16,16,4,-37.43087277626104,-33.56792916506213,0.04832927024373922,0.9526932225553206,1,
164,"Pantoea.agglomerans.1_35_TSB_Bae, Y.M., Zheng, L., Hyun, J.E., Jung, K.S., Heu, S. and Lee, S.Y., 2014. Growth characteristics and biofilm formation of various spoilage bacteria isolated from fresh produce. Journal of food science, 79(10), pp.M2072-M2080._1",OD_595,logistic,16,16,3,-19.96678853482294,-16.876433645863813,0.1631292206381609,0.8403220719755606,1,
164,"Pantoea.agglomerans.1_35_TSB_Bae, Y.M., Zheng, L., Hyun, J.E., Jung, K.S., Heu, S. and Lee, S.Y., 2014. Growth characteristics and biofilm formation of various spoilage bacteria isolated from fresh produce. Journal of food science, 79(10), pp.M2072-M2080._1",OD_595,quadratic,16,16,3,-12.721516128993791,-9.631161240034666,0.25656246846942343,0.7488655728644513,1,
165,"Pantoea.agglomerans.1_5_TSB_Bae, Y.M., Zheng, L., Hyun, J.E., Jung, K.S., Heu, S. and Lee, S.Y., 2014. Growth characteristics and biofilm formation of various spoilage bacteria isolated from fresh produce. Journal of food science, 79(10), pp.M2072-M2080._1",OD_595,cubic,29,29,4,-90.5452591595649,-83.70878000963253,0.05298962504412011,0.9214286869116631,1,
165,"Pantoea.agglomerans.1_5_TSB_Bae, Y.M., Zheng, L., Hyun, J.E., Jung, K.S., Heu, S. and Lee, S.Y., 2014. Growth characteristics and biofilm formation of various spoilage bacteria isolated from fresh produce. Journal of food science, 79(10), pp.M2072-M2080._1",OD_595,logistic,29,29,3,-128.4858609929296,-123.01667767298369,0.015344621823013091,0.9772474878908042,1,
165,"Pantoea.agglomerans.1_5_TSB_Bae, Y.M., Zheng, L., Hyun, J.E., Jung, K.S., Heu, S. and Lee, S.Y., 2014. Growth characteristics and biofilm formation of various spoilage bacteria isolated from fresh produce. Journal of food science, 79(10), pp.M2072-M2080._1",OD_595,quadratic,29,29,3,-63.473251279262314,-58.004067959316416,0.14439883677631085,0.7858900453721533,1,
166,"Pantoea.agglomerans.2_15_TSB_Bae, Y.M., Zheng, L., Hyun, J.E., Jung, K.S., Heu, S. and Lee, S.Y., 2014. Growth characteristics and biofilm formation of various spoilage bacteria isolated from fresh produce. Journal of food science, 79(10), pp.M2072-M2080._1",OD_595,cubic,26,26,4,-23.90512962934718,-17.61464693923977,0.4131998206985955,0.647779074305795,1,
166,"Pantoea.agglomerans.2_15_TSB_Bae, Y.M., Zheng, L., Hyun, J.E., Jung, K.S., Heu, S. and Lee, S.Y., 2014. Growth characteristics and biofilm formation of various spoilage bacteria isolated from fresh produce. Journal of food science, 79(10), pp.M2072-M2080._1",OD_595,logistic,26,26,3,-8.552252015074238,-3.5198658629883095,0.8054085571579501,0.3134514262746111,1,
166,"Pantoea.agglomerans.2_15_TSB_Bae, Y.M., Zheng, L., Hyun, J.E., Jung, K.S., Heu, S. and Lee, S.Y., 2014. Growth characteristics and biofilm formation of various spoilage bacteria isolated from fresh produce. Journal of food science, 79(10), pp.M2072-M2080._1",OD_595,quadratic,26,26,3,-5.15849133892093,-0.1261051868350016,0.9177076995734562,0.21772508295388815,1,
167,"Pantoea.agglomerans.2_25_TSB_Bae, Y.M., Zheng, L., Hyun, J.E., Jung, K.S., Heu, S. and Lee, S.Y., 2014. Growth characteristics and biofilm formation of various spoilage bacteria isolated from fresh produce. Journal of food science, 79(10), pp.M2072-M2080._1",OD_595,cubic,15,15,4,-11.7411208351139,-8.20086982960285,0.20613274572959195,0.7627730556016228,1,
167,"Pantoea.agglomerans.2_25_TSB_Bae, Y.M., Zheng, L., Hyun, J.E., Jung, K.S., Heu, S. and Lee, S.Y., 2014. Growth characteristics and biofilm formation of various spoilage bacteria isolated from fresh produce. Journal of food science, 79(10), pp.M2072-M2080._1",OD_595,logistic,15,15,3,-7.566604600026018,-4.734403795617178,0.3111125592888523,0.6419575087750932,1,
167,"Pantoea.agglomerans.2_25_TSB_Bae, Y.M., Zheng, L., Hyun, J.E., Jung, K.S., Heu, S. and Lee, S.Y., 2014. Growth characteristics and biofilm formation of various spoilage bacteria isolated from fresh produce. Journal of food science, 79(10), pp.M2072-M2080._1",OD_595,quadratic,15,15,3,-10.670666018091193,-7.838465213682353,0.25295645158829105,0.7088862040635415,1,
168,"Pantoea.agglomerans.2_35_TSB_Bae, Y.M., Zheng, L., Hyun, J.E., Jung, K.S., Heu, S. and Lee, S.Y., 2014. Growth characteristics and biofilm formation of various spoilage bacteria isolated from fresh produce. Journal of food science, 79(10), pp.M2072-M2080._1",OD_595,cubic,15,15,4,-19.142739514733325,-15.602488509222274,0.12584853902985682,0.8554201479860605,1,
168,"Pantoea.agglomerans.2_35_TSB_Bae, Y.M., Zheng, L., Hyun, J.E., Jung, K.S., Heu, S. and Lee, S.Y., 2014. Growth characteristics and biofilm formation of various spoilage bacteria isolated from fresh produce. Journal of food science, 79(10), pp.M2072-M2080._1",OD_595,logistic,15,15,3,-7.791725067688752,-4.959524263279912,0.3064782353249176,0.6479055041055541,1,
168,"Pantoea.agglomerans.2_35_TSB_Bae, Y.M., Zheng, L., Hyun, J.E., Jung, K.S., Heu, S. and Lee, S.Y., 2014. Growth characteristics and biofilm formation of various spoilage bacteria isolated from fresh produce. Journal of food science, 79(10), pp.M2072-M2080._1",OD_595,quadratic,15,15,3,-2.570135141312999,0.2620656630958411,0.4340903697207047,0.5012995629611069,1,
169,"Pantoea.agglomerans.2_5_TSB_Bae, Y.M., Zheng, L., Hyun, J.E., Jung, K.S., Heu, S. and Lee, S.Y., 2014. Growth characteristics and biofilm formation of various spoilage bacteria isolated from fresh produce. Journal of food science, 79(10), pp.M2072-M2080._1",OD_595,cubic,31,31,4,-88.3556702677724,-81.18573424534667,0.07602801266204101,0.9212938606246401,1,
169,"Pantoea.agglomerans.2_5_TSB_Bae, Y.M., Zheng, L., Hyun, J.E., Jung, K.S., Heu, S. and Lee, S.Y., 2014. Growth characteristics and biofilm formation of various spoilage bacteria isolated from fresh produce. Journal of food science, 79(10), pp.M2072-M2080._1",OD_595,logistic,31,31,3,-54.36085721307552,-48.62490839513494,0.24279679569536075,0.7486505595399995,1,
169,"Pantoea.agglomerans.2_5_TSB_Bae, Y.M., Zheng, L., Hyun, J.E., Jung, K.S., Heu, S. and Lee, S.Y., 2014. Growth characteristics and biofilm formation of various spoilage bacteria isolated from fresh produce. Journal of food science, 79(10), pp.M2072-M2080._1",OD_595,quadratic,31,31,3,-78.27722852828754,-72.54127971034696,0.11225005458688148,0.8837958782313687,1,
170,"Pectobacterium.carotovorum.subsp..Carotovorum.Pcc2_15_TSB_Bae, Y.M., Zheng, L., Hyun, J.E., Jung, K.S., Heu, S. and Lee, S.Y., 2014. Growth characteristics and biofilm formation of various spoilage bacteria isolated from fresh produce. Journal of food science, 79(10), pp.M2072-M2080._1",OD_595,cubic,24,24,4,-56.46353785387744,-50.57326870213771,0.0881128135555725,0.8823269969560247,1,
170,"Pectobacterium.carotovorum.subsp..Carotovorum.Pcc2_15_TSB_Bae, Y.M., Zheng, L., Hyun, J.E., Jung, K.S., Heu, S. and Lee, S.Y., 2014. Growth characteristics and biofilm formation of various spoilage bacteria isolated from fresh produce. Journal of food science, 79(10), pp.M2072-M2080._1",OD_595,logistic,24,24,3,-60.11912882194248,-55.4069135005507,0.0822394413428043,0.8901707749308997,1,
170,"Pectobacterium.carotovorum.subsp..Carotovorum.Pcc2_15_TSB_Bae, Y.M., Zheng, L., Hyun, J.E., Jung, K.S., Heu, S. and Lee, S.Y., 2014. Growth characteristics and biofilm formation of various spoilage bacteria isolated from fresh produce. Journal of food science, 79(10), pp.M2072-M2080._1",OD_595,quadratic,24,24,3,-28.28161385638664,-23.56939853499486,0.30988403047245444,0.586155713458564,1,
171,"Pectobacterium.carotovorum.subsp..Carotovorum.Pcc2_25_TSB_Bae, Y.M., Zheng, L., Hyun, J.E., Jung, K.S., Heu, S. and Lee, S.Y., 2014. Growth characteristics and biofilm formation of various spoilage bacteria isolated from fresh produce. Journal of food science, 79(10), pp.M2072-M2080._1",OD_595,cubic,17,17,4,-38.3860944172099,-34.22002769692882,0.05779202027131717,0.95026975266651,1,
171,"Pectobacterium.carotovorum.subsp..Carotovorum.Pcc2_25_TSB_Bae, Y.M., Zheng, L., Hyun, J.E., Jung, K.S., Heu, S. and Lee, S.Y., 2014. Growth characteristics and biofilm formation of various spoilage bacteria isolated from fresh produce. Journal of food science, 79(10), pp.M2072-M2080._1",OD_595,logistic,17,17,3,-48.461598634098834,-45.12874525787397,0.03593892783182516,0.9690744195896515,1,
171,"Pectobacterium.carotovorum.subsp..Carotovorum.Pcc2_25_TSB_Bae, Y.M., Zheng, L., Hyun, J.E., Jung, K.S., Heu, S. and Lee, S.Y., 2014. Growth characteristics and biofilm formation of various spoilage bacteria isolated from fresh produce. Journal of food science, 79(10), pp.M2072-M2080._1",OD_595,quadratic,17,17,3,-33.83544219373603,-30.502588817511164,0.08496022385273008,0.926891412934358,1,
172,"Pectobacterium.carotovorum.subsp..Carotovorum.Pcc2_35_TSB_Bae, Y.M., Zheng, L., Hyun, J.E., Jung, K.S., Heu, S. and Lee, S.Y., 2014. Growth characteristics and biofilm formation of various spoilage bacteria isolated from fresh produce. Journal of food science, 79(10), pp.M2072-M2080._1",OD_595,cubic,16,16,4,-44.04210100797562,-40.17915739677671,0.031971203972662725,0.8640480292186974,1,
172,"Pectobacterium.carotovorum.subsp..Carotovorum.Pcc2_35_TSB_Bae, Y.M., Zheng, L., Hyun, J.E., Jung, K.S., Heu, S. and Lee, S.Y., 2014. Growth characteristics and biofilm formation of various spoilage bacteria isolated from fresh produce. Journal of food science, 79(10), pp.M2072-M2080._1",OD_595,logistic,16,16,3,-27.875777124194904,-24.785422235235778,0.09950728569511895,0.576862616468339,1,
172,"Pectobacterium.carotovorum.subsp..Carotovorum.Pcc2_35_TSB_Bae, Y.M., Zheng, L., Hyun, J.E., Jung, K.S., Heu, S. and Lee, S.Y., 2014. Growth characteristics and biofilm formation of various spoilage bacteria isolated from fresh produce. Journal of food science, 79(10), pp.M2072-M2080._1",OD_595,quadratic,16,16,3,-37.97781430463869,-34.887459415679565,0.05292382104269151,0.7749506781732985,1,
173,"Pectobacterium.carotovorum.subsp..Carotovorum.Pcc2_5_TSB_Bae, Y.M., Zheng, L., Hyun, J.E., Jung, K.S., Heu, S. and Lee, S.Y., 2014. Growth characteristics and biofilm formation of various spoilage bacteria isolated from fresh produce. Journal of food science, 79(10), pp.M2072-M2080._1",OD_595,cubic,29,29,4,-284.5818857054989,-277.74540655556655,6.582062655777284e-5,0.9744805339662662,1,
173,"Pectobacterium.carotovorum.subsp..Carotovorum.Pcc2_5_TSB_Bae, Y.M., Zheng, L., Hyun, J.E., Jung, K.S., Heu, S. and Lee, S.Y., 2014. Growth characteristics and biofilm formation of various spoilage bacteria isolated from fresh produce. Journal of food science, 79(10), pp.M2072-M2080._1",OD_595,logistic,29,29,3,-265.34559747273363,-259.87641415278773,1.368956646601049e-4,0.9469238679854772,1,
173,"Pectobacterium.carotovorum.subsp..Carotovorum.Pcc2_5_TSB_Bae, Y.M., Zheng, L., Hyun, J.E., Jung, K.S., Heu, S. and Lee, S.Y., 2014. Growth characteristics and biofilm formation of various spoilage bacteria isolated from fresh produce. Journal of food science, 79(10), pp.M2072-M2080._1",OD_595,quadratic,29,29,3,-251.49102378214923,-246.02184046220333,2.2073502145995372e-4,0.9144183187369315,1,
174,"Pseudomonas sp._12_APT Broth_Stannard, C.J., Williams, A.P. and Gibbs, P.A., 1985. Temperature/growth relationships for psychrotrophic food-spoilage bacteria. Food Microbiology, 2(2), pp.115-122._1",CFU,cubic,8,8,4,200.1282487645973,200.52545647299647,9819102606.254162,0.9800312448285174,1,
174,"Pseudomonas sp._12_APT Broth_Stannard, C.J., Williams, A.P. and Gibbs, P.A., 1985. Temperature/growth relationships for psychrotrophic food-spoilage bacteria. Food Microbiology, 2(2), pp.115-122._1",CFU,logistic,8,8,3,NA,NA,NA,NA,0,singular gradient matrix at initial parameter estimates
174,"Pseudomonas sp._12_APT Broth_Stannard, C.J., Williams, A.P. and Gibbs, P.A., 1985. Temperature/growth relationships for psychrotrophic food-spoilage bacteria. Food Microbiology, 2(2), pp.115-122._1",CFU,quadratic,8,8,3,205.65887807824535,205.9766442449647,25170140674.454,0.9488123918330571,1,
175,"Pseudomonas sp._15_APT Broth_Stannard, C.J., Williams, A.P. and Gibbs, P.A., 1985. Temperature/growth relationships for psychrotrophic food-spoilage bacteria. Food Microbiology, 2(2), pp.115-122._1",CFU,cubic,8,8,4,224.73320501786853,225.1304127262677,212714154241.78412,0.8443602099271662,1,
175,"Pseudomonas sp._15_APT Broth_Stannard, C.J., Williams, A.P. and Gibbs, P.A., 1985. Temperature/growth relationships for psychrotrophic food-spoilage bacteria. Food Microbiology, 2(2), pp.115-122._1",CFU,logistic,8,8,3,213.53695218025157,213.8547183469709,67384677875.83418,0.950695631157674,1,
175,"Pseudomonas sp._15_APT Broth_Stannard, C.J., Williams, A.P. and Gibbs, P.A., 1985. Temperature/growth relationships for psychrotrophic food-spoilage bacteria. Food Microbiology, 2(2), pp.115-122._1",CFU,quadratic,8,8,3,222.73630385744042,223.05407002415976,212796566081.90424,0.8442999104067064,1,
176,"Pseudomonas sp._2_APT Broth_Stannard, C.J., Williams, A.P. and Gibbs, P.A., 1985. Temperature/growth relationships for psychrotrophic food-spoilage bacteria. Food Microbiology, 2(2), pp.115-122._1",CFU,cubic,7,7,4,159.35962662365202,159.08917736892857,757188356.633525,0.9970120191340589,1,
176,"Pseudomonas sp._2_APT Broth_Stannard, C.J., Williams, A.P. and Gibbs, P.A., 1985. Temperature/growth relationships for psychrotrophic food-spoilage bacteria. Food Microbiology, 2(2), pp.115-122._1",CFU,logistic,7,7,3,154.17096486360973,153.954605459831,480145380.34773755,0.9981052730185557,1,
176,"Pseudomonas sp._2_APT Broth_Stannard, C.J., Williams, A.P. and Gibbs, P.A., 1985. Temperature/growth relationships for psychrotrophic food-spoilage bacteria. Food Microbiology, 2(2), pp.115-122._1",CFU,quadratic,7,7,3,172.10561020652955,171.8892508027508,6224081284.45373,0.9754388249329475,1,
177,"Pseudomonas sp._4_APT Broth_Stannard, C.J., Williams, A.P. and Gibbs, P.A., 1985. Temperature/growth relationships for psychrotrophic food-spoilage bacteria. Food Microbiology, 2(2), pp.115-122._1",CFU,cubic,5,5,4,152.1175494418332,150.1647390040037,646649810909.0482,0.8586738686044312,1,
177,"Pseudomonas sp._4_APT Broth_Stannard, C.J., Williams, A.P. and Gibbs, P.A., 1985. Temperature/growth relationships for psychrotrophic food-spoilage bacteria. Food Microbiology, 2(2), pp.115-122._1",CFU,logistic,5,5,3,NA,NA,NA,NA,0,Insufficient data for logistic
177,"Pseudomonas sp._4_APT Broth_Stannard, C.J., Williams, A.P. and Gibbs, P.A., 1985. Temperature/growth relationships for psychrotrophic food-spoilage bacteria. Food Microbiology, 2(2), pp.115-122._1",CFU,quadratic,5,5,3,150.56522379863824,149.00297544837466,707218569535.4597,0.8454364900485335,1,
178,"Pseudomonas sp._6_APT Broth_Stannard, C.J., Williams, A.P. and Gibbs, P.A., 1985. Temperature/growth relationships for psychrotrophic food-spoilage bacteria. Food Microbiology, 2(2), pp.115-122._1",CFU,cubic,6,6,4,170.58142600513574,169.540223351276,147553019691.71448,0.9446538345779278,1,
178,"Pseudomonas sp._6_APT Broth_Stannard, C.J., Williams, A.P. and Gibbs, P.A., 1985. Temperature/growth relationships for psychrotrophic food-spoilage bacteria. Food Microbiology, 2(2), pp.115-122._1",CFU,logistic,6,6,3,170.25599940618588,169.4230372830981,195055304967.3906,0.9268360403756337,1,
178,"Pseudomonas sp._6_APT Broth_Stannard, C.J., Williams, A.P. and Gibbs, P.A., 1985. Temperature/growth relationships for psychrotrophic food-spoilage bacteria. Food Microbiology, 2(2), pp.115-122._1",CFU,quadratic,6,6,3,178.50504956600145,177.67208744291366,771336578946.5537,0.7106767317696017,1,
179,"Pseudomonas sp._8_APT Broth_Stannard, C.J., Williams, A.P. and Gibbs, P.A., 1985. Temperature/growth relationships for psychrotrophic food-spoilage bacteria. Food Microbiology, 2(2), pp.115-122._1",CFU,cubic,5,5,4,145.320622346466,143.3678119086365,166071676012.28674,0.986385737611077,1,
179,"Pseudomonas sp._8_APT Broth_Stannard, C.J., Williams, A.P. and Gibbs, P.A., 1985. Temperature/growth relationships for psychrotrophic food-spoilage bacteria. Food Microbiology, 2(2), pp.115-122._1",CFU,logistic,5,5,3,NA,NA,NA,NA,0,Insufficient data for logistic
179,"Pseudomonas sp._8_APT Broth_Stannard, C.J., Williams, A.P. and Gibbs, P.A., 1985. Temperature/growth relationships for psychrotrophic food-spoilage bacteria. Food Microbiology, 2(2), pp.115-122._1",CFU,quadratic,5,5,3,151.87195976140313,150.30971141113955,918449535968.7744,0.9247071308370582,1,
180,"Pseudomonas spp._10_Cooked Chicken Breast_Galarz, L.A., Fonseca, G.G. and Prentice, C., 2016. Predicting bacterial growth in raw, salted, and cooked chicken breast fillets during storage. Food Science and Technology International, 22(6), pp.461-474._1",CFU,cubic,11,11,4,166.75595077354504,168.7454271375369,995060.8656747203,0.9401848864263894,1,
180,"Pseudomonas spp._10_Cooked Chicken Breast_Galarz, L.A., Fonseca, G.G. and Prentice, C., 2016. Predicting bacterial growth in raw, salted, and cooked chicken breast fillets during storage. Food Science and Technology International, 22(6), pp.461-474._1",CFU,logistic,11,11,3,164.12197608058716,165.71355717178065,939332.8073381783,0.9435348122988905,1,
180,"Pseudomonas spp._10_Cooked Chicken Breast_Galarz, L.A., Fonseca, G.G. and Prentice, C., 2016. Predicting bacterial growth in raw, salted, and cooked chicken breast fillets during storage. Food Science and Technology International, 22(6), pp.461-474._1",CFU,quadratic,11,11,3,168.54806248229082,170.1396435734843,1404647.0424752294,0.9155638360679361,1,
181,"Pseudomonas spp._10_Raw Chicken Breast_Galarz, L.A., Fonseca, G.G. and Prentice, C., 2016. Predicting bacterial growth in raw, salted, and cooked chicken breast fillets during storage. Food Science and Technology International, 22(6), pp.461-474._1",CFU,cubic,13,13,4,176.59031445553867,179.41506124284635,279766.85219465237,0.9533020691608703,1,
181,"Pseudomonas spp._10_Raw Chicken Breast_Galarz, L.A., Fonseca, G.G. and Prentice, C., 2016. Predicting bacterial growth in raw, salted, and cooked chicken breast fillets during storage. Food Science and Technology International, 22(6), pp.461-474._1",CFU,logistic,13,13,3,158.47808057337676,160.7378780032229,81008.49123605335,0.9864782804272629,1,
181,"Pseudomonas spp._10_Raw Chicken Breast_Galarz, L.A., Fonseca, G.G. and Prentice, C., 2016. Predicting bacterial growth in raw, salted, and cooked chicken breast fillets during storage. Food Science and Technology International, 22(6), pp.461-474._1",CFU,quadratic,13,13,3,181.0822693278567,183.34206675770284,460972.1963614634,0.923055760267582,1,
182,"Pseudomonas spp._10_Salted Chicken Breast_Galarz, L.A., Fonseca, G.G. and Prentice, C., 2016. Predicting bacterial growth in raw, salted, and cooked chicken breast fillets during storage. Food Science and Technology International, 22(6), pp.461-474._1",CFU,cubic,13,13,4,144.0159211369931,146.84066792430076,22833.6202589835,0.9431485397952205,1,
182,"Pseudomonas spp._10_Salted Chicken Breast_Galarz, L.A., Fonseca, G.G. and Prentice, C., 2016. Predicting bacterial growth in raw, salted, and cooked chicken breast fillets during storage. Food Science and Technology International, 22(6), pp.461-474._1",CFU,logistic,13,13,3,139.40011958660494,141.6599170164511,18671.877571603465,0.9535105036927778,1,
182,"Pseudomonas spp._10_Salted Chicken Breast_Galarz, L.A., Fonseca, G.G. and Prentice, C., 2016. Predicting bacterial growth in raw, salted, and cooked chicken breast fillets during storage. Food Science and Technology International, 22(6), pp.461-474._1",CFU,quadratic,13,13,3,153.36732030814898,155.62711773799512,54675.65652343718,0.8638678021375328,1,
183,"Pseudomonas spp._15_Cooked Chicken Breast_Galarz, L.A., Fonseca, G.G. and Prentice, C., 2016. Predicting bacterial growth in raw, salted, and cooked chicken breast fillets during storage. Food Science and Technology International, 22(6), pp.461-474._1",CFU,cubic,12,12,4,193.708255661189,196.13278891012902,3128458.3100656774,0.9482480831384843,1,
183,"Pseudomonas spp._15_Cooked Chicken Breast_Galarz, L.A., Fonseca, G.G. and Prentice, C., 2016. Predicting bacterial growth in raw, salted, and cooked chicken breast fillets during storage. Food Science and Technology International, 22(6), pp.461-474._1",CFU,logistic,12,12,3,186.1360408890946,188.0756674882466,1966369.7956907914,0.9674717077551693,1,
183,"Pseudomonas spp._15_Cooked Chicken Breast_Galarz, L.A., Fonseca, G.G. and Prentice, C., 2016. Predicting bacterial growth in raw, salted, and cooked chicken breast fillets during storage. Food Science and Technology International, 22(6), pp.461-474._1",CFU,quadratic,12,12,3,191.7113620228613,193.6509886220133,3129268.2584764953,0.9482346847234617,1,
184,"Pseudomonas spp._15_Raw Chicken Breast_Galarz, L.A., Fonseca, G.G. and Prentice, C., 2016. Predicting bacterial growth in raw, salted, and cooked chicken breast fillets during storage. Food Science and Technology International, 22(6), pp.461-474._1",CFU,cubic,12,12,4,186.93538514209712,189.35991839103713,1779147.7436144035,0.9638908780326845,1,
184,"Pseudomonas spp._15_Raw Chicken Breast_Galarz, L.A., Fonseca, G.G. and Prentice, C., 2016. Predicting bacterial growth in raw, salted, and cooked chicken breast fillets during storage. Food Science and Technology International, 22(6), pp.461-474._1",CFU,logistic,12,12,3,151.98178054655557,153.92140714570758,114177.70113139994,0.9976826789394535,1,
184,"Pseudomonas spp._15_Raw Chicken Breast_Galarz, L.A., Fonseca, G.G. and Prentice, C., 2016. Predicting bacterial growth in raw, salted, and cooked chicken breast fillets during storage. Food Science and Technology International, 22(6), pp.461-474._1",CFU,quadratic,12,12,3,185.30481912037905,187.24444571953106,1834772.7259712091,0.9627619277925705,1,
185,"Pseudomonas spp._15_Salted Chicken Breast_Galarz, L.A., Fonseca, G.G. and Prentice, C., 2016. Predicting bacterial growth in raw, salted, and cooked chicken breast fillets during storage. Food Science and Technology International, 22(6), pp.461-474._1",CFU,cubic,12,12,4,132.77375924165116,135.19829249059117,19500.12562521074,0.9878172949391815,1,
185,"Pseudomonas spp._15_Salted Chicken Breast_Galarz, L.A., Fonseca, G.G. and Prentice, C., 2016. Predicting bacterial growth in raw, salted, and cooked chicken breast fillets during storage. Food Science and Technology International, 22(6), pp.461-474._1",CFU,logistic,12,12,3,112.70836191017614,114.64798850932814,4327.418306989042,0.9972964450628627,1,
185,"Pseudomonas spp._15_Salted Chicken Breast_Galarz, L.A., Fonseca, G.G. and Prentice, C., 2016. Predicting bacterial growth in raw, salted, and cooked chicken breast fillets during storage. Food Science and Technology International, 22(6), pp.461-474._1",CFU,quadratic,12,12,3,131.8581454472682,133.79777204642022,21344.33628311043,0.9866651241815653,1,
186,"Pseudomonas spp._20_Cooked Chicken Breast_Galarz, L.A., Fonseca, G.G. and Prentice, C., 2016. Predicting bacterial growth in raw, salted, and cooked chicken breast fillets during storage. Food Science and Technology International, 22(6), pp.461-474._1",CFU,cubic,9,9,4,101.1976262953475,102.1837491820286,13258.804473409698,0.9982547930571367,1,
186,"Pseudomonas spp._20_Cooked Chicken Breast_Galarz, L.A., Fonseca, G.G. and Prentice, C., 2016. Predicting bacterial growth in raw, salted, and cooked chicken breast fillets during storage. Food Science and Technology International, 22(6), pp.461-474._1",CFU,logistic,9,9,3,101.56385353934611,102.35275184869099,17245.92629090213,0.9977299830946785,1,
186,"Pseudomonas spp._20_Cooked Chicken Breast_Galarz, L.A., Fonseca, G.G. and Prentice, C., 2016. Predicting bacterial growth in raw, salted, and cooked chicken breast fillets during storage. Food Science and Technology International, 22(6), pp.461-474._1",CFU,quadratic,9,9,3,123.61180672238999,124.40070503173486,199806.32741015666,0.97370023892248,1,
187,"Pseudomonas spp._20_Raw Chicken Breast_Galarz, L.A., Fonseca, G.G. and Prentice, C., 2016. Predicting bacterial growth in raw, salted, and cooked chicken breast fillets during storage. Food Science and Technology International, 22(6), pp.461-474._1",CFU,cubic,9,9,4,116.09428019866661,117.08040308534771,69397.13521598262,0.9965656099245073,1,
187,"Pseudomonas spp._20_Raw Chicken Breast_Galarz, L.A., Fonseca, G.G. and Prentice, C., 2016. Predicting bacterial growth in raw, salted, and cooked chicken breast fillets during storage. Food Science and Technology International, 22(6), pp.461-474._1",CFU,logistic,9,9,3,101.9217866272808,102.71068493662567,17945.624084889077,0.9991118902377764,1,
187,"Pseudomonas spp._20_Raw Chicken Breast_Galarz, L.A., Fonseca, G.G. and Prentice, C., 2016. Predicting bacterial growth in raw, salted, and cooked chicken breast fillets during storage. Food Science and Technology International, 22(6), pp.461-474._1",CFU,quadratic,9,9,3,130.79415653976554,131.5830548491104,443805.94364519155,0.9780365180269187,1,
188,"Pseudomonas spp._20_Salted Chicken Breast_Galarz, L.A., Fonseca, G.G. and Prentice, C., 2016. Predicting bacterial growth in raw, salted, and cooked chicken breast fillets during storage. Food Science and Technology International, 22(6), pp.461-474._1",CFU,cubic,8,8,4,91.29411770326551,91.69132541166469,12128.692289594117,0.9762679102565408,1,
188,"Pseudomonas spp._20_Salted Chicken Breast_Galarz, L.A., Fonseca, G.G. and Prentice, C., 2016. Predicting bacterial growth in raw, salted, and cooked chicken breast fillets during storage. Food Science and Technology International, 22(6), pp.461-474._1",CFU,logistic,8,8,3,73.64096431108395,73.95873047780329,1714.1712628627388,0.9966458983974044,1,
188,"Pseudomonas spp._20_Salted Chicken Breast_Galarz, L.A., Fonseca, G.G. and Prentice, C., 2016. Predicting bacterial growth in raw, salted, and cooked chicken breast fillets during storage. Food Science and Technology International, 22(6), pp.461-474._1",CFU,quadratic,8,8,3,89.31563096633239,89.63339713305173,12161.35215216115,0.9762040050332123,1,
189,"Pseudomonas spp._2_Cooked Chicken Breast_Galarz, L.A., Fonseca, G.G. and Prentice, C., 2016. Predicting bacterial growth in raw, salted, and cooked chicken breast fillets during storage. Food Science and Technology International, 22(6), pp.461-474._1",CFU,cubic,10,10,4,140.30463248802738,141.81755795299762,267044.682985826,0.9631550539920317,1,
189,"Pseudomonas spp._2_Cooked Chicken Breast_Galarz, L.A., Fonseca, G.G. and Prentice, C., 2016. Predicting bacterial growth in raw, salted, and cooked chicken breast fillets during storage. Food Science and Technology International, 22(6), pp.461-474._1",CFU,logistic,10,10,3,140.96891752517882,142.179257897155,348571.8924814471,0.9519065033807248,1,
189,"Pseudomonas spp._2_Cooked Chicken Breast_Galarz, L.A., Fonseca, G.G. and Prentice, C., 2016. Predicting bacterial growth in raw, salted, and cooked chicken breast fillets during storage. Food Science and Technology International, 22(6), pp.461-474._1",CFU,quadratic,10,10,3,138.31622833346918,139.52656870544536,267354.523481228,0.9631123043810058,1,
190,"Pseudomonas spp._2_Raw Chicken Breast_Galarz, L.A., Fonseca, G.G. and Prentice, C., 2016. Predicting bacterial growth in raw, salted, and cooked chicken breast fillets during storage. Food Science and Technology International, 22(6), pp.461-474._1",CFU,cubic,11,11,4,112.83278385342535,114.82226021741721,7394.214152997335,0.9823079068097749,1,
190,"Pseudomonas spp._2_Raw Chicken Breast_Galarz, L.A., Fonseca, G.G. and Prentice, C., 2016. Predicting bacterial growth in raw, salted, and cooked chicken breast fillets during storage. Food Science and Technology International, 22(6), pp.461-474._1",CFU,logistic,11,11,3,114.10720404187302,115.69878513306651,9957.961537687563,0.9761736433562679,1,
190,"Pseudomonas spp._2_Raw Chicken Breast_Galarz, L.A., Fonseca, G.G. and Prentice, C., 2016. Predicting bacterial growth in raw, salted, and cooked chicken breast fillets during storage. Food Science and Technology International, 22(6), pp.461-474._1",CFU,quadratic,11,11,3,131.20193505247784,132.79351614367133,47107.811723324165,0.8872854129253496,1,
191,"Pseudomonas spp._2_Salted Chicken Breast_Galarz, L.A., Fonseca, G.G. and Prentice, C., 2016. Predicting bacterial growth in raw, salted, and cooked chicken breast fillets during storage. Food Science and Technology International, 22(6), pp.461-474._1",CFU,cubic,11,11,4,117.34942743856084,119.3389038025527,11148.464611925428,0.9459831632725668,1,
191,"Pseudomonas spp._2_Salted Chicken Breast_Galarz, L.A., Fonseca, G.G. and Prentice, C., 2016. Predicting bacterial growth in raw, salted, and cooked chicken breast fillets during storage. Food Science and Technology International, 22(6), pp.461-474._1",CFU,logistic,11,11,3,112.28063839559942,113.87221948679291,8434.420091522708,0.9591333238402164,1,
191,"Pseudomonas spp._2_Salted Chicken Breast_Galarz, L.A., Fonseca, G.G. and Prentice, C., 2016. Predicting bacterial growth in raw, salted, and cooked chicken breast fillets during storage. Food Science and Technology International, 22(6), pp.461-474._1",CFU,quadratic,11,11,3,120.30361503480333,121.89519612599682,17490.930265278945,0.915252480297615,1,
192,"Pseudomonas spp._4_Cooked Chicken Breast_Galarz, L.A., Fonseca, G.G. and Prentice, C., 2016. Predicting bacterial growth in raw, salted, and cooked chicken breast fillets during storage. Food Science and Technology International, 22(6), pp.461-474._1",CFU,cubic,6,6,4,87.32181685822128,86.28061420436156,138808.68250776254,0.873346034331569,1,
192,"Pseudomonas spp._4_Cooked Chicken Breast_Galarz, L.A., Fonseca, G.G. and Prentice, C., 2016. Predicting bacterial growth in raw, salted, and cooked chicken breast fillets during storage. Food Science and Technology International, 22(6), pp.461-474._1",CFU,logistic,6,6,3,86.24391059902194,85.41094847593416,161867.62803823425,0.852306234494817,1,
192,"Pseudomonas spp._4_Cooked Chicken Breast_Galarz, L.A., Fonseca, G.G. and Prentice, C., 2016. Predicting bacterial growth in raw, salted, and cooked chicken breast fillets during storage. Food Science and Technology International, 22(6), pp.461-474._1",CFU,quadratic,6,6,3,87.09964116647251,86.26667904338473,186680.88309189893,0.8296657404211619,1,
193,"Pseudomonas spp._4_Raw Chicken Breast_Galarz, L.A., Fonseca, G.G. and Prentice, C., 2016. Predicting bacterial growth in raw, salted, and cooked chicken breast fillets during storage. Food Science and Technology International, 22(6), pp.461-474._1",CFU,cubic,7,7,4,93.67691936400959,93.40647010928616,63696.105788685614,0.9678044486239797,1,
193,"Pseudomonas spp._4_Raw Chicken Breast_Galarz, L.A., Fonseca, G.G. and Prentice, C., 2016. Predicting bacterial growth in raw, salted, and cooked chicken breast fillets during storage. Food Science and Technology International, 22(6), pp.461-474._1",CFU,logistic,7,7,3,90.44835176032788,90.23199235654913,53442.898674716176,0.9729869892568707,1,
193,"Pseudomonas spp._4_Raw Chicken Breast_Galarz, L.A., Fonseca, G.G. and Prentice, C., 2016. Predicting bacterial growth in raw, salted, and cooked chicken breast fillets during storage. Food Science and Technology International, 22(6), pp.461-474._1",CFU,quadratic,7,7,3,98.60355531433527,98.38719591055651,171338.7941189728,0.9133958523765418,1,
194,"Pseudomonas spp._4_Salted Chicken Breast_Galarz, L.A., Fonseca, G.G. and Prentice, C., 2016. Predicting bacterial growth in raw, salted, and cooked chicken breast fillets during storage. Food Science and Technology International, 22(6), pp.461-474._1",CFU,cubic,7,7,4,67.46186722302414,67.1914179683007,1505.4863142270067,0.9491063588695132,1,
194,"Pseudomonas spp._4_Salted Chicken Breast_Galarz, L.A., Fonseca, G.G. and Prentice, C., 2016. Predicting bacterial growth in raw, salted, and cooked chicken breast fillets during storage. Food Science and Technology International, 22(6), pp.461-474._1",CFU,logistic,7,7,3,67.83810681285716,67.62174740907841,2113.99342437326,0.9285355026641321,1,
194,"Pseudomonas spp._4_Salted Chicken Breast_Galarz, L.A., Fonseca, G.G. and Prentice, C., 2016. Predicting bacterial growth in raw, salted, and cooked chicken breast fillets during storage. Food Science and Technology International, 22(6), pp.461-474._1",CFU,quadratic,7,7,3,75.58435949997762,75.36800009619887,6392.889158334443,0.7838855102589838,1,
195,"Pseudomonas spp._7_Cooked Chicken Breast_Galarz, L.A., Fonseca, G.G. and Prentice, C., 2016. Predicting bacterial growth in raw, salted, and cooked chicken breast fillets during storage. Food Science and Technology International, 22(6), pp.461-474._1",CFU,cubic,13,13,4,130.98147287358398,133.80621966089166,8377.789996894619,0.9913351274259502,1,
195,"Pseudomonas spp._7_Cooked Chicken Breast_Galarz, L.A., Fonseca, G.G. and Prentice, C., 2016. Predicting bacterial growth in raw, salted, and cooked chicken breast fillets during storage. Food Science and Technology International, 22(6), pp.461-474._1",CFU,logistic,13,13,3,133.5142427748176,135.77404020466375,11872.903227079216,0.9877202467972103,1,
195,"Pseudomonas spp._7_Cooked Chicken Breast_Galarz, L.A., Fonseca, G.G. and Prentice, C., 2016. Predicting bacterial growth in raw, salted, and cooked chicken breast fillets during storage. Food Science and Technology International, 22(6), pp.461-474._1",CFU,quadratic,13,13,3,150.37247437495043,152.63227180479657,43425.45587873752,0.9550864796326052,1,
196,"Pseudomonas spp._7_Raw Chicken Breast_Galarz, L.A., Fonseca, G.G. and Prentice, C., 2016. Predicting bacterial growth in raw, salted, and cooked chicken breast fillets during storage. Food Science and Technology International, 22(6), pp.461-474._1",CFU,cubic,11,11,4,143.00770886663594,144.9971852306278,114878.24454061975,0.8159442150191497,1,
196,"Pseudomonas spp._7_Raw Chicken Breast_Galarz, L.A., Fonseca, G.G. and Prentice, C., 2016. Predicting bacterial growth in raw, salted, and cooked chicken breast fillets during storage. Food Science and Technology International, 22(6), pp.461-474._1",CFU,logistic,11,11,3,136.01651045766272,137.6080915488562,72975.77337322252,0.8830795743223268,1,
196,"Pseudomonas spp._7_Raw Chicken Breast_Galarz, L.A., Fonseca, G.G. and Prentice, C., 2016. Predicting bacterial growth in raw, salted, and cooked chicken breast fillets during storage. Food Science and Technology International, 22(6), pp.461-474._1",CFU,quadratic,11,11,3,143.81510762620468,145.40668871739817,148278.2970351781,0.762431272643765,1,
197,"Pseudomonas spp._7_Salted Chicken Breast_Galarz, L.A., Fonseca, G.G. and Prentice, C., 2016. Predicting bacterial growth in raw, salted, and cooked chicken breast fillets during storage. Food Science and Technology International, 22(6), pp.461-474._1",CFU,cubic,12,12,4,124.01953277351225,126.44406602245226,9401.808228615286,0.9098112052221835,1,
197,"Pseudomonas spp._7_Salted Chicken Breast_Galarz, L.A., Fonseca, G.G. and Prentice, C., 2016. Predicting bacterial growth in raw, salted, and cooked chicken breast fillets during storage. Food Science and Technology International, 22(6), pp.461-474._1",CFU,logistic,12,12,3,102.11413564968419,104.0537622488362,1789.8269547763573,0.9828307138385545,1,
197,"Pseudomonas spp._7_Salted Chicken Breast_Galarz, L.A., Fonseca, G.G. and Prentice, C., 2016. Predicting bacterial growth in raw, salted, and cooked chicken breast fillets during storage. Food Science and Technology International, 22(6), pp.461-474._1",CFU,quadratic,12,12,3,128.0959658458919,130.03559244504387,15600.00848586178,0.8503536841369076,1,
198,"Pseudomonas.fluorescens.1_15_TSB_Bae, Y.M., Zheng, L., Hyun, J.E., Jung, K.S., Heu, S. and Lee, S.Y., 2014. Growth characteristics and biofilm formation of various spoilage bacteria isolated from fresh produce. Journal of food science, 79(10), pp.M2072-M2080._1",OD_595,cubic,23,23,4,-93.87593355030367,-88.19846247065792,0.014717356205016153,0.9112002713867741,1,
198,"Pseudomonas.fluorescens.1_15_TSB_Bae, Y.M., Zheng, L., Hyun, J.E., Jung, K.S., Heu, S. and Lee, S.Y., 2014. Growth characteristics and biofilm formation of various spoilage bacteria isolated from fresh produce. Journal of food science, 79(10), pp.M2072-M2080._1",OD_595,logistic,23,23,3,-71.78373720776058,-67.24176034404398,0.04195150419123776,0.746878302379552,1,
198,"Pseudomonas.fluorescens.1_15_TSB_Bae, Y.M., Zheng, L., Hyun, J.E., Jung, K.S., Heu, S. and Lee, S.Y., 2014. Growth characteristics and biofilm formation of various spoilage bacteria isolated from fresh produce. Journal of food science, 79(10), pp.M2072-M2080._1",OD_595,quadratic,23,23,3,-63.452623390820634,-58.910646527104035,0.06026410355639973,0.6363860487997366,1,
199,"Pseudomonas.fluorescens.1_25_TSB_Bae, Y.M., Zheng, L., Hyun, J.E., Jung, K.S., Heu, S. and Lee, S.Y., 2014. Growth characteristics and biofilm formation of various spoilage bacteria isolated from fresh produce. Journal of food science, 79(10), pp.M2072-M2080._1",OD_595,cubic,13,13,4,-77.32667990577069,-74.501933118463,9.207107565034778e-4,0.9888201487847164,1,
199,"Pseudomonas.fluorescens.1_25_TSB_Bae, Y.M., Zheng, L., Hyun, J.E., Jung, K.S., Heu, S. and Lee, S.Y., 2014. Growth characteristics and biofilm formation of various spoilage bacteria isolated from fresh produce. Journal of food science, 79(10), pp.M2072-M2080._1",OD_595,logistic,13,13,3,-44.377495258964856,-42.11769782911871,0.013541912060263105,0.8355655552682532,1,
199,"Pseudomonas.fluorescens.1_25_TSB_Bae, Y.M., Zheng, L., Hyun, J.E., Jung, K.S., Heu, S. and Lee, S.Y., 2014. Growth characteristics and biofilm formation of various spoilage bacteria isolated from fresh produce. Journal of food science, 79(10), pp.M2072-M2080._1",OD_595,quadratic,13,13,3,-60.20479250026369,-57.94499507041755,0.0040080509268993186,0.951331715514888,1,
200,"Pseudomonas.fluorescens.1_35_TSB_Bae, Y.M., Zheng, L., Hyun, J.E., Jung, K.S., Heu, S. and Lee, S.Y., 2014. Growth characteristics and biofilm formation of various spoilage bacteria isolated from fresh produce. Journal of food science, 79(10), pp.M2072-M2080._1",OD_595,cubic,17,17,4,-99.95182774364388,-95.7857610233628,0.0015454837737005549,0.9795549735654389,1,
200,"Pseudomonas.fluorescens.1_35_TSB_Bae, Y.M., Zheng, L., Hyun, J.E., Jung, K.S., Heu, S. and Lee, S.Y., 2014. Growth characteristics and biofilm formation of various spoilage bacteria isolated from fresh produce. Journal of food science, 79(10), pp.M2072-M2080._1",OD_595,logistic,17,17,3,-106.49394237600323,-103.16108899977837,0.001183118524566174,0.9843486616154786,1,
200,"Pseudomonas.fluorescens.1_35_TSB_Bae, Y.M., Zheng, L., Hyun, J.E., Jung, K.S., Heu, S. and Lee, S.Y., 2014. Growth characteristics and biofilm formation of various spoilage bacteria isolated from fresh produce. Journal of food science, 79(10), pp.M2072-M2080._1",OD_595,quadratic,17,17,3,-78.52157953654905,-75.1887261603242,0.00613240421635952,0.9188751325349231,1,
201,"Pseudomonas.fluorescens.1_5_TSB_Bae, Y.M., Zheng, L., Hyun, J.E., Jung, K.S., Heu, S. and Lee, S.Y., 2014. Growth characteristics and biofilm formation of various spoilage bacteria isolated from fresh produce. Journal of food science, 79(10), pp.M2072-M2080._1",OD_595,cubic,29,29,4,-131.65484927032782,-124.81837012039544,0.012839470610761494,0.9379971173695555,1,
201,"Pseudomonas.fluorescens.1_5_TSB_Bae, Y.M., Zheng, L., Hyun, J.E., Jung, K.S., Heu, S. and Lee, S.Y., 2014. Growth characteristics and biofilm formation of various spoilage bacteria isolated from fresh produce. Journal of food science, 79(10), pp.M2072-M2080._1",OD_595,logistic,29,29,3,-133.18454638255903,-127.71536306261314,0.013049390251810664,0.9369833977809233,1,
201,"Pseudomonas.fluorescens.1_5_TSB_Bae, Y.M., Zheng, L., Hyun, J.E., Jung, K.S., Heu, S. and Lee, S.Y., 2014. Growth characteristics and biofilm formation of various spoilage bacteria isolated from fresh produce. Journal of food science, 79(10), pp.M2072-M2080._1",OD_595,quadratic,29,29,3,-120.81906325909065,-115.34987993914476,0.019988105636274168,0.9034757580478366,1,
202,"Pseudomonas.fluorescens.2_15_TSB_Bae, Y.M., Zheng, L., Hyun, J.E., Jung, K.S., Heu, S. and Lee, S.Y., 2014. Growth characteristics and biofilm formation of various spoilage bacteria isolated from fresh produce. Journal of food science, 79(10), pp.M2072-M2080._1",OD_595,cubic,23,23,4,-102.6091021232546,-96.93163104360886,0.010067621780801546,0.939377784994391,1,
202,"Pseudomonas.fluorescens.2_15_TSB_Bae, Y.M., Zheng, L., Hyun, J.E., Jung, K.S., Heu, S. and Lee, S.Y., 2014. Growth characteristics and biofilm formation of various spoilage bacteria isolated from fresh produce. Journal of food science, 79(10), pp.M2072-M2080._1",OD_595,logistic,23,23,3,-121.87610767553733,-117.33413081182073,0.004752092931975102,0.9713852580359953,1,
202,"Pseudomonas.fluorescens.2_15_TSB_Bae, Y.M., Zheng, L., Hyun, J.E., Jung, K.S., Heu, S. and Lee, S.Y., 2014. Growth characteristics and biofilm formation of various spoilage bacteria isolated from fresh produce. Journal of food science, 79(10), pp.M2072-M2080._1",OD_595,quadratic,23,23,3,-78.63030503146476,-74.08832816774816,0.031150722124568982,0.8124258325022958,1,
203,"Pseudomonas.fluorescens.2_25_TSB_Bae, Y.M., Zheng, L., Hyun, J.E., Jung, K.S., Heu, S. and Lee, S.Y., 2014. Growth characteristics and biofilm formation of various spoilage bacteria isolated from fresh produce. Journal of food science, 79(10), pp.M2072-M2080._1",OD_595,cubic,13,13,4,-59.022046351396185,-56.1972995640885,0.0037638387816764287,0.9805413621266839,1,
203,"Pseudomonas.fluorescens.2_25_TSB_Bae, Y.M., Zheng, L., Hyun, J.E., Jung, K.S., Heu, S. and Lee, S.Y., 2014. Growth characteristics and biofilm formation of various spoilage bacteria isolated from fresh produce. Journal of food science, 79(10), pp.M2072-M2080._1",OD_595,logistic,13,13,3,-69.32626273079404,-67.0664653009479,0.0019870547431002886,0.9897271427063563,1,
203,"Pseudomonas.fluorescens.2_25_TSB_Bae, Y.M., Zheng, L., Hyun, J.E., Jung, K.S., Heu, S. and Lee, S.Y., 2014. Growth characteristics and biofilm formation of various spoilage bacteria isolated from fresh produce. Journal of food science, 79(10), pp.M2072-M2080._1",OD_595,quadratic,13,13,3,-48.78605479615324,-46.52625736630709,0.009647217278001387,0.9501249340402897,1,
204,"Pseudomonas.fluorescens.2_35_TSB_Bae, Y.M., Zheng, L., Hyun, J.E., Jung, K.S., Heu, S. and Lee, S.Y., 2014. Growth characteristics and biofilm formation of various spoilage bacteria isolated from fresh produce. Journal of food science, 79(10), pp.M2072-M2080._1",OD_595,cubic,15,15,4,-56.116823707666995,-52.57657270215594,0.010698891805205567,0.8859534986934208,1,
204,"Pseudomonas.fluorescens.2_35_TSB_Bae, Y.M., Zheng, L., Hyun, J.E., Jung, K.S., Heu, S. and Lee, S.Y., 2014. Growth characteristics and biofilm formation of various spoilage bacteria isolated from fresh produce. Journal of food science, 79(10), pp.M2072-M2080._1",OD_595,logistic,15,15,3,-58.51489577104583,-55.68269496663699,0.010418697504444017,0.888940273423898,1,
204,"Pseudomonas.fluorescens.2_35_TSB_Bae, Y.M., Zheng, L., Hyun, J.E., Jung, K.S., Heu, S. and Lee, S.Y., 2014. Growth characteristics and biofilm formation of various spoilage bacteria isolated from fresh produce. Journal of food science, 79(10), pp.M2072-M2080._1",OD_595,quadratic,15,15,3,-42.55122804152176,-39.71902723711292,0.030200139520075973,0.6780769154465672,1,
205,"Pseudomonas.fluorescens.2_5_TSB_Bae, Y.M., Zheng, L., Hyun, J.E., Jung, K.S., Heu, S. and Lee, S.Y., 2014. Growth characteristics and biofilm formation of various spoilage bacteria isolated from fresh produce. Journal of food science, 79(10), pp.M2072-M2080._1",OD_595,cubic,29,29,4,-187.78363510893868,-180.94715595900632,0.0018534498641824334,0.9816578299858638,1,
205,"Pseudomonas.fluorescens.2_5_TSB_Bae, Y.M., Zheng, L., Hyun, J.E., Jung, K.S., Heu, S. and Lee, S.Y., 2014. Growth characteristics and biofilm formation of various spoilage bacteria isolated from fresh produce. Journal of food science, 79(10), pp.M2072-M2080._1",OD_595,logistic,29,29,3,-194.0817941493552,-188.6126108294093,0.0015981333841178997,0.9841845011277456,1,
205,"Pseudomonas.fluorescens.2_5_TSB_Bae, Y.M., Zheng, L., Hyun, J.E., Jung, K.S., Heu, S. and Lee, S.Y., 2014. Growth characteristics and biofilm formation of various spoilage bacteria isolated from fresh produce. Journal of food science, 79(10), pp.M2072-M2080._1",OD_595,quadratic,29,29,3,-162.94448512748485,-157.47530180753895,0.004676437604110558,0.9537208881380064,1,
206,"Salmonella Typhimurium_10_Vacuum Beef Striploins_Gill, C.O. and DeLacy, K.M., 1991. Growth of Escherichia coli and Salmonella typhimurium on high-pH beef packed under vacuum or carbon dioxide. International journal of food microbiology, 13(1), pp.21-30._1",N,cubic,6,6,4,47.20094165447321,46.159739000613484,173.12940925373422,0.9980530274760243,1,
206,"Salmonella Typhimurium_10_Vacuum Beef Striploins_Gill, C.O. and DeLacy, K.M., 1991. Growth of Escherichia coli and Salmonella typhimurium on high-pH beef packed under vacuum or carbon dioxide. International journal of food microbiology, 13(1), pp.21-30._1",N,logistic,6,6,3,54.99205655887124,54.15909443578346,885.2692440438773,0.9900444707695613,1,
206,"Salmonella Typhimurium_10_Vacuum Beef Striploins_Gill, C.O. and DeLacy, K.M., 1991. Growth of Escherichia coli and Salmonella typhimurium on high-pH beef packed under vacuum or carbon dioxide. International journal of food microbiology, 13(1), pp.21-30._1",N,quadratic,6,6,3,51.86713292914358,51.0341708060558,525.879040014422,0.9940860882835786,1,
207,"Salmonella Typhimurium_12_C02 Beef Striploins_Gill, C.O. and DeLacy, K.M., 1991. Growth of Escherichia coli and Salmonella typhimurium on high-pH beef packed under vacuum or carbon dioxide. International journal of food microbiology, 13(1), pp.21-30._1",N,cubic,8,8,4,78.08710628819126,78.48431399659044,2327.273666618639,0.9746636490460553,1,
207,"Salmonella Typhimurium_12_C02 Beef Striploins_Gill, C.O. and DeLacy, K.M., 1991. Growth of Escherichia coli and Salmonella typhimurium on high-pH beef packed under vacuum or carbon dioxide. International journal of food microbiology, 13(1), pp.21-30._1",N,logistic,8,8,3,79.60669865935412,79.92446482607346,3613.3905016483145,0.9606620694435013,1,
207,"Salmonella Typhimurium_12_C02 Beef Striploins_Gill, C.O. and DeLacy, K.M., 1991. Growth of Escherichia coli and Salmonella typhimurium on high-pH beef packed under vacuum or carbon dioxide. International journal of food microbiology, 13(1), pp.21-30._1",N,quadratic,8,8,3,81.39436960441991,81.71213577113924,4518.162555120196,0.9508120794707315,1,
208,"Salmonella Typhimurium_12_Vacuum Beef Striploins_Gill, C.O. and DeLacy, K.M., 1991. Growth of Escherichia coli and Salmonella typhimurium on high-pH beef packed under vacuum or carbon dioxide. International journal of food microbiology, 13(1), pp.21-30._1",N,cubic,7,7,4,83.3492050322631,83.07875577753967,14566.664510541865,0.9897417511002393,1,
208,"Salmonella Typhimurium_12_Vacuum Beef Striploins_Gill, C.O. and DeLacy, K.M., 1991. Growth of Escherichia coli and Salmonella typhimurium on high-pH beef packed under vacuum or carbon dioxide. International journal of food microbiology, 13(1), pp.21-30._1",N,logistic,7,7,3,80.69991211874763,80.48355271496888,13276.287309765163,0.9906504704910487,1,
208,"Salmonella Typhimurium_12_Vacuum Beef Striploins_Gill, C.O. and DeLacy, K.M., 1991. Growth of Escherichia coli and Salmonella typhimurium on high-pH beef packed under vacuum or carbon dioxide. International journal of food microbiology, 13(1), pp.21-30._1",N,quadratic,7,7,3,86.25042392736218,86.03406452358342,29338.768349439455,0.9793388261311873,1,
209,"Salmonella Typhimurium_15_C02 Beef Striploins_Gill, C.O. and DeLacy, K.M., 1991. Growth of Escherichia coli and Salmonella typhimurium on high-pH beef packed under vacuum or carbon dioxide. International journal of food microbiology, 13(1), pp.21-30._1",N,cubic,7,7,4,81.53000976219886,81.25956050747543,11232.941051343916,0.9974774777395153,1,
209,"Salmonella Typhimurium_15_C02 Beef Striploins_Gill, C.O. and DeLacy, K.M., 1991. Growth of Escherichia coli and Salmonella typhimurium on high-pH beef packed under vacuum or carbon dioxide. International journal of food microbiology, 13(1), pp.21-30._1",N,logistic,7,7,3,76.43437839859644,76.21801899481768,7218.286334148626,0.9983790275514476,1,
209,"Salmonella Typhimurium_15_C02 Beef Striploins_Gill, C.O. and DeLacy, K.M., 1991. Growth of Escherichia coli and Salmonella typhimurium on high-pH beef packed under vacuum or carbon dioxide. International journal of food microbiology, 13(1), pp.21-30._1",N,quadratic,7,7,3,91.05118016900245,90.8348207652237,58249.30223182797,0.9869192617618247,1,
210,"Salmonella Typhimurium_15_Vacuum Beef Striploins_Gill, C.O. and DeLacy, K.M., 1991. Growth of Escherichia coli and Salmonella typhimurium on high-pH beef packed under vacuum or carbon dioxide. International journal of food microbiology, 13(1), pp.21-30._1",N,cubic,5,5,4,85.36128413654743,83.40847369871793,1028711.569046545,0.9641997226298814,1,
210,"Salmonella Typhimurium_15_Vacuum Beef Striploins_Gill, C.O. and DeLacy, K.M., 1991. Growth of Escherichia coli and Salmonella typhimurium on high-pH beef packed under vacuum or carbon dioxide. International journal of food microbiology, 13(1), pp.21-30._1",N,logistic,5,5,3,NA,NA,NA,NA,0,Insufficient data for logistic
210,"Salmonella Typhimurium_15_Vacuum Beef Striploins_Gill, C.O. and DeLacy, K.M., 1991. Growth of Escherichia coli and Salmonella typhimurium on high-pH beef packed under vacuum or carbon dioxide. International journal of food microbiology, 13(1), pp.21-30._1",N,quadratic,5,5,3,90.09158851590027,88.52934016563667,3952577.869519133,0.8624460069143297,1,
211,"Salmonella Typhimurium_20_C02 Beef Striploins_Gill, C.O. and DeLacy, K.M., 1991. Growth of Escherichia coli and Salmonella typhimurium on high-pH beef packed under vacuum or carbon dioxide. International journal of food microbiology, 13(1), pp.21-30._1",N,cubic,6,6,4,107.49934032359285,106.45813766973312,4007877.898156008,0.8743606319602077,1,
211,"Salmonella Typhimurium_20_C02 Beef Striploins_Gill, C.O. and DeLacy, K.M., 1991. Growth of Escherichia coli and Salmonella typhimurium on high-pH beef packed under vacuum or carbon dioxide. International journal of food microbiology, 13(1), pp.21-30._1",N,logistic,6,6,3,92.46213113101007,91.62916900792229,456299.31147647224,0.9856958823128636,1,
211,"Salmonella Typhimurium_20_C02 Beef Striploins_Gill, C.O. and DeLacy, K.M., 1991. Growth of Escherichia coli and Salmonella typhimurium on high-pH beef packed under vacuum or carbon dioxide. International journal of food microbiology, 13(1), pp.21-30._1",N,quadratic,6,6,3,107.51474433963182,106.68178221654404,5607822.89315088,0.824205391911086,1,
212,"Salmonella Typhimurium_20_Vacuum Beef Striploins_Gill, C.O. and DeLacy, K.M., 1991. Growth of Escherichia coli and Salmonella typhimurium on high-pH beef packed under vacuum or carbon dioxide. International journal of food microbiology, 13(1), pp.21-30._1",N,cubic,6,6,4,106.83015984552864,105.78895719166891,3584904.443305116,0.9656381989939459,1,
212,"Salmonella Typhimurium_20_Vacuum Beef Striploins_Gill, C.O. and DeLacy, K.M., 1991. Growth of Escherichia coli and Salmonella typhimurium on high-pH beef packed under vacuum or carbon dioxide. International journal of food microbiology, 13(1), pp.21-30._1",N,logistic,6,6,3,94.09501760457263,93.26205548148485,599021.0411330027,0.9942583011236766,1,
212,"Salmonella Typhimurium_20_Vacuum Beef Striploins_Gill, C.O. and DeLacy, K.M., 1991. Growth of Escherichia coli and Salmonella typhimurium on high-pH beef packed under vacuum or carbon dioxide. International journal of food microbiology, 13(1), pp.21-30._1",N,quadratic,6,6,3,106.1426129885356,105.30965086544782,4461450.8222821765,0.9572363816726401,1,
213,"Salmonella Typhimurium_30_C02 Beef Striploins_Gill, C.O. and DeLacy, K.M., 1991. Growth of Escherichia coli and Salmonella typhimurium on high-pH beef packed under vacuum or carbon dioxide. International journal of food microbiology, 13(1), pp.21-30._1",N,cubic,7,7,4,120.94814590700712,120.67769665228369,3133835.501661125,0.9206022515345461,1,
213,"Salmonella Typhimurium_30_C02 Beef Striploins_Gill, C.O. and DeLacy, K.M., 1991. Growth of Escherichia coli and Salmonella typhimurium on high-pH beef packed under vacuum or carbon dioxide. International journal of food microbiology, 13(1), pp.21-30._1",N,logistic,7,7,3,115.83862341335849,115.62226400957974,2009809.929499221,0.9490801660900304,1,
213,"Salmonella Typhimurium_30_C02 Beef Striploins_Gill, C.O. and DeLacy, K.M., 1991. Growth of Escherichia coli and Salmonella typhimurium on high-pH beef packed under vacuum or carbon dioxide. International journal of food microbiology, 13(1), pp.21-30._1",N,quadratic,7,7,3,124.62925645910508,124.41289705532633,7055764.032098783,0.8212376566813321,1,
214,"Salmonella Typhimurium_30_Vacuum Beef Striploins_Gill, C.O. and DeLacy, K.M., 1991. Growth of Escherichia coli and Salmonella typhimurium on high-pH beef packed under vacuum or carbon dioxide. International journal of food microbiology, 13(1), pp.21-30._1",N,cubic,6,6,4,94.5069802621743,93.46577760831457,459722.86208697583,0.9865317664558053,1,
214,"Salmonella Typhimurium_30_Vacuum Beef Striploins_Gill, C.O. and DeLacy, K.M., 1991. Growth of Escherichia coli and Salmonella typhimurium on high-pH beef packed under vacuum or carbon dioxide. International journal of food microbiology, 13(1), pp.21-30._1",N,logistic,6,6,3,78.84878539687745,78.01582327378966,47193.58740584998,0.9986173968941094,1,
214,"Salmonella Typhimurium_30_Vacuum Beef Striploins_Gill, C.O. and DeLacy, K.M., 1991. Growth of Escherichia coli and Salmonella typhimurium on high-pH beef packed under vacuum or carbon dioxide. International journal of food microbiology, 13(1), pp.21-30._1",N,quadratic,6,6,3,98.84694974174974,98.01398761866196,1322508.266174201,0.9612552438395107,1,
215,"Salmonella Typhimurium_8_Vacuum Beef Striploins_Gill, C.O. and DeLacy, K.M., 1991. Growth of Escherichia coli and Salmonella typhimurium on high-pH beef packed under vacuum or carbon dioxide. International journal of food microbiology, 13(1), pp.21-30._1",N,cubic,7,7,4,38.53393046423227,38.26348120950884,24.15059127535881,0.9954592638180157,1,
215,"Salmonella Typhimurium_8_Vacuum Beef Striploins_Gill, C.O. and DeLacy, K.M., 1991. Growth of Escherichia coli and Salmonella typhimurium on high-pH beef packed under vacuum or carbon dioxide. International journal of food microbiology, 13(1), pp.21-30._1",N,logistic,7,7,3,69.52436562903581,69.30800622525706,2689.816279038353,0.4942672019139541,1,
215,"Salmonella Typhimurium_8_Vacuum Beef Striploins_Gill, C.O. and DeLacy, K.M., 1991. Growth of Escherichia coli and Salmonella typhimurium on high-pH beef packed under vacuum or carbon dioxide. International journal of food microbiology, 13(1), pp.21-30._1",N,quadratic,7,7,3,58.11358665399453,57.897227250215785,526.9559139822484,0.9009230143623381,1,
216,"Serratia marcescens_10_Pasteurised Double Cream_Phillips, J.D. and Griffiths, M.W., 1987. The relation between temperature and growth of bacteria in dairy products. Food Microbiology, 4(2), pp.173-185._1",N,cubic,4,4,4,NA,NA,NA,NA,0,Insufficient unique time points
216,"Serratia marcescens_10_Pasteurised Double Cream_Phillips, J.D. and Griffiths, M.W., 1987. The relation between temperature and growth of bacteria in dairy products. Food Microbiology, 4(2), pp.173-185._1",N,logistic,4,4,3,NA,NA,NA,NA,0,Insufficient data for logistic
216,"Serratia marcescens_10_Pasteurised Double Cream_Phillips, J.D. and Griffiths, M.W., 1987. The relation between temperature and growth of bacteria in dairy products. Food Microbiology, 4(2), pp.173-185._1",N,quadratic,4,4,3,41.19318228468577,38.73835972916533,940.7833373919163,0.9963821521245658,1,
217,"Serratia marcescens_10_Pasteurised Full-fat Milk_Phillips, J.D. and Griffiths, M.W., 1987. The relation between temperature and growth of bacteria in dairy products. Food Microbiology, 4(2), pp.173-185._1",N,cubic,5,5,4,52.106567577532374,50.153757139702876,1329.9203890022898,0.998926214559504,1,
217,"Serratia marcescens_10_Pasteurised Full-fat Milk_Phillips, J.D. and Griffiths, M.W., 1987. The relation between temperature and growth of bacteria in dairy products. Food Microbiology, 4(2), pp.173-185._1",N,logistic,5,5,3,NA,NA,NA,NA,0,Insufficient data for logistic
217,"Serratia marcescens_10_Pasteurised Full-fat Milk_Phillips, J.D. and Griffiths, M.W., 1987. The relation between temperature and growth of bacteria in dairy products. Food Microbiology, 4(2), pp.173-185._1",N,quadratic,5,5,3,62.071693675503106,60.509445325239504,14558.052866703929,0.9882457436253275,1,
218,"Serratia marcescens_10_Pasteurised Skim Milk_Phillips, J.D. and Griffiths, M.W., 1987. The relation between temperature and growth of bacteria in dairy products. Food Microbiology, 4(2), pp.173-185._1",N,cubic,4,4,4,NA,NA,NA,NA,0,Insufficient unique time points
218,"Serratia marcescens_10_Pasteurised Skim Milk_Phillips, J.D. and Griffiths, M.W., 1987. The relation between temperature and growth of bacteria in dairy products. Food Microbiology, 4(2), pp.173-185._1",N,logistic,4,4,3,NA,NA,NA,NA,0,Insufficient data for logistic
218,"Serratia marcescens_10_Pasteurised Skim Milk_Phillips, J.D. and Griffiths, M.W., 1987. The relation between temperature and growth of bacteria in dairy products. Food Microbiology, 4(2), pp.173-185._1",N,quadratic,4,4,3,47.49991273203363,45.04509017651319,4552.334593003465,0.9974232225935008,1,
219,"Serratia marcescens_10_UHT Double Cream_Phillips, J.D. and Griffiths, M.W., 1987. The relation between temperature and growth of bacteria in dairy products. Food Microbiology, 4(2), pp.173-185._1",N,cubic,4,4,4,NA,NA,NA,NA,0,Insufficient unique time points
219,"Serratia marcescens_10_UHT Double Cream_Phillips, J.D. and Griffiths, M.W., 1987. The relation between temperature and growth of bacteria in dairy products. Food Microbiology, 4(2), pp.173-185._1",N,logistic,4,4,3,NA,NA,NA,NA,0,Insufficient data for logistic
219,"Serratia marcescens_10_UHT Double Cream_Phillips, J.D. and Griffiths, M.W., 1987. The relation between temperature and growth of bacteria in dairy products. Food Microbiology, 4(2), pp.173-185._1",N,quadratic,4,4,3,33.66130879932954,31.206486243809103,143.12873850737813,0.9999121638232265,1,
220,"Serratia marcescens_10_UHT Full-fat Milk_Phillips, J.D. and Griffiths, M.W., 1987. The relation between temperature and growth of bacteria in dairy products. Food Microbiology, 4(2), pp.173-185._1",N,cubic,4,4,4,NA,NA,NA,NA,0,Insufficient unique time points
220,"Serratia marcescens_10_UHT Full-fat Milk_Phillips, J.D. and Griffiths, M.W., 1987. The relation between temperature and growth of bacteria in dairy products. Food Microbiology, 4(2), pp.173-185._1",N,logistic,4,4,3,NA,NA,NA,NA,0,Insufficient data for logistic
220,"Serratia marcescens_10_UHT Full-fat Milk_Phillips, J.D. and Griffiths, M.W., 1987. The relation between temperature and growth of bacteria in dairy products. Food Microbiology, 4(2), pp.173-185._1",N,quadratic,4,4,3,56.80824566746799,54.353423111947556,46652.35613183884,0.9851392390702935,1,
221,"Serratia marcescens_10_UHT Skim Milk_Phillips, J.D. and Griffiths, M.W., 1987. The relation between temperature and growth of bacteria in dairy products. Food Microbiology, 4(2), pp.173-185._1",N,cubic,4,4,4,NA,NA,NA,NA,0,Insufficient unique time points
221,"Serratia marcescens_10_UHT Skim Milk_Phillips, J.D. and Griffiths, M.W., 1987. The relation between temperature and growth of bacteria in dairy products. Food Microbiology, 4(2), pp.173-185._1",N,logistic,4,4,3,NA,NA,NA,NA,0,Insufficient data for logistic
221,"Serratia marcescens_10_UHT Skim Milk_Phillips, J.D. and Griffiths, M.W., 1987. The relation between temperature and growth of bacteria in dairy products. Food Microbiology, 4(2), pp.173-185._1",N,quadratic,4,4,3,50.75429620485734,48.2994736493369,10270.092872053288,0.9867129826709493,1,
222,"Serratia marcescens_15_Pasteurised Double Cream_Phillips, J.D. and Griffiths, M.W., 1987. The relation between temperature and growth of bacteria in dairy products. Food Microbiology, 4(2), pp.173-185._1",N,cubic,6,6,4,78.82063274244618,77.77943008858645,33657.38782107513,0.9896083282054973,1,
222,"Serratia marcescens_15_Pasteurised Double Cream_Phillips, J.D. and Griffiths, M.W., 1987. The relation between temperature and growth of bacteria in dairy products. Food Microbiology, 4(2), pp.173-185._1",N,logistic,6,6,3,47.306023655954306,46.473061532866524,245.89050752247897,0.9999240816469436,1,
222,"Serratia marcescens_15_Pasteurised Double Cream_Phillips, J.D. and Griffiths, M.W., 1987. The relation between temperature and growth of bacteria in dairy products. Food Microbiology, 4(2), pp.173-185._1",N,quadratic,6,6,3,84.72761045298785,83.89464832990006,125720.62701814274,0.9611839308291898,1,
223,"Serratia marcescens_15_Pasteurised Full-fat Milk_Phillips, J.D. and Griffiths, M.W., 1987. The relation between temperature and growth of bacteria in dairy products. Food Microbiology, 4(2), pp.173-185._1",N,cubic,5,5,4,54.45353863461343,52.50072819678393,2126.576253943765,0.9994842556080825,1,
223,"Serratia marcescens_15_Pasteurised Full-fat Milk_Phillips, J.D. and Griffiths, M.W., 1987. The relation between temperature and growth of bacteria in dairy products. Food Microbiology, 4(2), pp.173-185._1",N,logistic,5,5,3,NA,NA,NA,NA,0,Insufficient data for logistic
223,"Serratia marcescens_15_Pasteurised Full-fat Milk_Phillips, J.D. and Griffiths, M.W., 1987. The relation between temperature and growth of bacteria in dairy products. Food Microbiology, 4(2), pp.173-185._1",N,quadratic,5,5,3,66.98229895948322,65.42005060921962,38871.656444393964,0.9905727157544623,1,
224,"Serratia marcescens_15_Pasteurised Skim Milk_Phillips, J.D. and Griffiths, M.W., 1987. The relation between temperature and growth of bacteria in dairy products. Food Microbiology, 4(2), pp.173-185._1",N,cubic,4,4,4,NA,NA,NA,NA,0,Insufficient unique time points
224,"Serratia marcescens_15_Pasteurised Skim Milk_Phillips, J.D. and Griffiths, M.W., 1987. The relation between temperature and growth of bacteria in dairy products. Food Microbiology, 4(2), pp.173-185._1",N,logistic,4,4,3,NA,NA,NA,NA,0,Insufficient data for logistic
224,"Serratia marcescens_15_Pasteurised Skim Milk_Phillips, J.D. and Griffiths, M.W., 1987. The relation between temperature and growth of bacteria in dairy products. Food Microbiology, 4(2), pp.173-185._1",N,quadratic,4,4,3,62.27986385976828,59.82504130424784,183209.07383316229,0.970772708726515,1,
225,"Serratia marcescens_15_UHT Double Cream_Phillips, J.D. and Griffiths, M.W., 1987. The relation between temperature and growth of bacteria in dairy products. Food Microbiology, 4(2), pp.173-185._1",N,cubic,6,6,4,79.51592045923068,78.47471780537096,37792.620815293405,0.9949770173993332,1,
225,"Serratia marcescens_15_UHT Double Cream_Phillips, J.D. and Griffiths, M.W., 1987. The relation between temperature and growth of bacteria in dairy products. Food Microbiology, 4(2), pp.173-185._1",N,logistic,6,6,3,82.26326181269505,81.43029968960727,83374.07635324002,0.9889188279131063,1,
225,"Serratia marcescens_15_UHT Double Cream_Phillips, J.D. and Griffiths, M.W., 1987. The relation between temperature and growth of bacteria in dairy products. Food Microbiology, 4(2), pp.173-185._1",N,quadratic,6,6,3,96.09512624243922,95.26216411935144,836016.3449282114,0.8888858336930126,1,
226,"Serratia marcescens_15_UHT Full-fat Milk_Phillips, J.D. and Griffiths, M.W., 1987. The relation between temperature and growth of bacteria in dairy products. Food Microbiology, 4(2), pp.173-185._1",N,cubic,6,6,4,65.80897444568512,64.7677717918254,3848.26679871021,0.9990847496878874,1,
226,"Serratia marcescens_15_UHT Full-fat Milk_Phillips, J.D. and Griffiths, M.W., 1987. The relation between temperature and growth of bacteria in dairy products. Food Microbiology, 4(2), pp.173-185._1",N,logistic,6,6,3,75.64839623132657,74.81543410823879,27684.143959335106,0.9934157576060361,1,
226,"Serratia marcescens_15_UHT Full-fat Milk_Phillips, J.D. and Griffiths, M.W., 1987. The relation between temperature and growth of bacteria in dairy products. Food Microbiology, 4(2), pp.173-185._1",N,quadratic,6,6,3,86.18676249706381,85.35380037397603,160333.2091139914,0.9618672437854936,1,
227,"Serratia marcescens_15_UHT Skim Milk_Phillips, J.D. and Griffiths, M.W., 1987. The relation between temperature and growth of bacteria in dairy products. Food Microbiology, 4(2), pp.173-185._1",N,cubic,5,5,4,47.558687067902284,45.605876630072785,535.5521440222548,0.9999065794479736,1,
227,"Serratia marcescens_15_UHT Skim Milk_Phillips, J.D. and Griffiths, M.W., 1987. The relation between temperature and growth of bacteria in dairy products. Food Microbiology, 4(2), pp.173-185._1",N,logistic,5,5,3,NA,NA,NA,NA,0,Insufficient data for logistic
227,"Serratia marcescens_15_UHT Skim Milk_Phillips, J.D. and Griffiths, M.W., 1987. The relation between temperature and growth of bacteria in dairy products. Food Microbiology, 4(2), pp.173-185._1",N,quadratic,5,5,3,68.6918588371489,67.1296104868853,54717.157980377655,0.9904552578849701,1,
228,"Serratia marcescens_6_Pasteurised Double Cream_Phillips, J.D. and Griffiths, M.W., 1987. The relation between temperature and growth of bacteria in dairy products. Food Microbiology, 4(2), pp.173-185._1",N,cubic,6,6,4,52.91232125460172,51.871118600741994,448.5122279601253,0.9983516437725181,1,
228,"Serratia marcescens_6_Pasteurised Double Cream_Phillips, J.D. and Griffiths, M.W., 1987. The relation between temperature and growth of bacteria in dairy products. Food Microbiology, 4(2), pp.173-185._1",N,logistic,6,6,3,35.538620484208444,34.70565836112066,34.59303923066456,0.9998728648895422,1,
228,"Serratia marcescens_6_Pasteurised Double Cream_Phillips, J.D. and Griffiths, M.W., 1987. The relation between temperature and growth of bacteria in dairy products. Food Microbiology, 4(2), pp.173-185._1",N,quadratic,6,6,3,70.89530958339779,70.06234746031002,12536.930406499427,0.9539247181664389,1,
229,"Serratia marcescens_6_Pasteurised Full-fat Milk_Phillips, J.D. and Griffiths, M.W., 1987. The relation between temperature and growth of bacteria in dairy products. Food Microbiology, 4(2), pp.173-185._1",N,cubic,8,8,4,76.2242699948457,76.62147770324488,1843.8263411974958,0.9961690109831751,1,
229,"Serratia marcescens_6_Pasteurised Full-fat Milk_Phillips, J.D. and Griffiths, M.W., 1987. The relation between temperature and growth of bacteria in dairy products. Food Microbiology, 4(2), pp.173-185._1",N,logistic,8,8,3,69.91487576878339,70.23264193550273,1075.9119928751243,0.9977645362062146,1,
229,"Serratia marcescens_6_Pasteurised Full-fat Milk_Phillips, J.D. and Griffiths, M.W., 1987. The relation between temperature and growth of bacteria in dairy products. Food Microbiology, 4(2), pp.173-185._1",N,quadratic,8,8,3,95.11977213945576,95.4375383061751,25122.923437762605,0.9478011341902762,1,
230,"Serratia marcescens_6_Pasteurised Skim Milk_Phillips, J.D. and Griffiths, M.W., 1987. The relation between temperature and growth of bacteria in dairy products. Food Microbiology, 4(2), pp.173-185._1",N,cubic,6,6,4,24.662286922758994,23.621084268899267,4.045466574920305,0.9999763107361905,1,
230,"Serratia marcescens_6_Pasteurised Skim Milk_Phillips, J.D. and Griffiths, M.W., 1987. The relation between temperature and growth of bacteria in dairy products. Food Microbiology, 4(2), pp.173-185._1",N,logistic,6,6,3,24.489143625412858,23.656181502325076,5.485306693172591,0.9999678793842629,1,
230,"Serratia marcescens_6_Pasteurised Skim Milk_Phillips, J.D. and Griffiths, M.W., 1987. The relation between temperature and growth of bacteria in dairy products. Food Microbiology, 4(2), pp.173-185._1",N,quadratic,6,6,3,59.898422637950304,59.06546051486252,2005.441488252515,0.9882566246464188,1,
231,"Serratia marcescens_6_UHT Double Cream_Phillips, J.D. and Griffiths, M.W., 1987. The relation between temperature and growth of bacteria in dairy products. Food Microbiology, 4(2), pp.173-185._1",N,cubic,8,8,4,97.42636852832896,97.82357623672814,26104.436019757224,0.9428344558904808,1,
231,"Serratia marcescens_6_UHT Double Cream_Phillips, J.D. and Griffiths, M.W., 1987. The relation between temperature and growth of bacteria in dairy products. Food Microbiology, 4(2), pp.173-185._1",N,logistic,8,8,3,82.58122820690427,82.89899437362361,5240.740065064784,0.9885234158236845,1,
231,"Serratia marcescens_6_UHT Double Cream_Phillips, J.D. and Griffiths, M.W., 1987. The relation between temperature and growth of bacteria in dairy products. Food Microbiology, 4(2), pp.173-185._1",N,quadratic,8,8,3,96.36642642175285,96.68419258847219,29359.392115160274,0.9357064974045942,1,
232,"Serratia marcescens_6_UHT Full-fat Milk_Phillips, J.D. and Griffiths, M.W., 1987. The relation between temperature and growth of bacteria in dairy products. Food Microbiology, 4(2), pp.173-185._1",N,cubic,7,7,4,85.33362274708742,85.06317349236399,19340.936472539906,0.9811761885205486,1,
232,"Serratia marcescens_6_UHT Full-fat Milk_Phillips, J.D. and Griffiths, M.W., 1987. The relation between temperature and growth of bacteria in dairy products. Food Microbiology, 4(2), pp.173-185._1",N,logistic,7,7,3,34.53543888692323,34.31907948314448,18.15253220655491,0.99998233281803,1,
232,"Serratia marcescens_6_UHT Full-fat Milk_Phillips, J.D. and Griffiths, M.W., 1987. The relation between temperature and growth of bacteria in dairy products. Food Microbiology, 4(2), pp.173-185._1",N,quadratic,7,7,3,92.63653031866382,92.42017091488506,73054.8629640008,0.9288984289853821,1,
233,"Serratia marcescens_6_UHT Skim Milk_Phillips, J.D. and Griffiths, M.W., 1987. The relation between temperature and growth of bacteria in dairy products. Food Microbiology, 4(2), pp.173-185._1",N,cubic,7,7,4,67.26682138841082,66.99637213368739,1464.1169375464617,0.9905223058907447,1,
233,"Serratia marcescens_6_UHT Skim Milk_Phillips, J.D. and Griffiths, M.W., 1987. The relation between temperature and growth of bacteria in dairy products. Food Microbiology, 4(2), pp.173-185._1",N,logistic,7,7,3,68.00136560619762,67.78500620241887,2163.87687343468,0.9859925375012235,1,
233,"Serratia marcescens_6_UHT Skim Milk_Phillips, J.D. and Griffiths, M.W., 1987. The relation between temperature and growth of bacteria in dairy products. Food Microbiology, 4(2), pp.173-185._1",N,quadratic,7,7,3,69.63081195263771,69.41445254885896,2731.0318673836023,0.9823211630315092,1,
234,"Spoilage_10_C02 Beef Striploins_Gill, C.O. and DeLacy, K.M., 1991. Growth of Escherichia coli and Salmonella typhimurium on high-pH beef packed under vacuum or carbon dioxide. International journal of food microbiology, 13(1), pp.21-30._1",N,cubic,9,9,4,149.5271648181211,150.5132877048022,2848678.681038935,0.988835719182987,1,
234,"Spoilage_10_C02 Beef Striploins_Gill, C.O. and DeLacy, K.M., 1991. Growth of Escherichia coli and Salmonella typhimurium on high-pH beef packed under vacuum or carbon dioxide. International journal of food microbiology, 13(1), pp.21-30._1",N,logistic,9,9,3,137.99990193138163,138.78880024072652,988339.0232957155,0.9961265921383378,1,
234,"Spoilage_10_C02 Beef Striploins_Gill, C.O. and DeLacy, K.M., 1991. Growth of Escherichia coli and Salmonella typhimurium on high-pH beef packed under vacuum or carbon dioxide. International journal of food microbiology, 13(1), pp.21-30._1",N,quadratic,9,9,3,158.35352790154218,159.14242621088707,9485691.426605776,0.9628245461536091,1,
235,"Spoilage_10_Vacuum Beef Striploins_Gill, C.O. and DeLacy, K.M., 1991. Growth of Escherichia coli and Salmonella typhimurium on high-pH beef packed under vacuum or carbon dioxide. International journal of food microbiology, 13(1), pp.21-30._1",N,cubic,6,6,4,97.69257892078879,96.65137626692906,781767.1577481062,0.9947392028452748,1,
235,"Spoilage_10_Vacuum Beef Striploins_Gill, C.O. and DeLacy, K.M., 1991. Growth of Escherichia coli and Salmonella typhimurium on high-pH beef packed under vacuum or carbon dioxide. International journal of food microbiology, 13(1), pp.21-30._1",N,logistic,6,6,3,91.3431530008929,90.51019087780512,378665.2706662556,0.9974518228877093,1,
235,"Spoilage_10_Vacuum Beef Striploins_Gill, C.O. and DeLacy, K.M., 1991. Growth of Escherichia coli and Salmonella typhimurium on high-pH beef packed under vacuum or carbon dioxide. International journal of food microbiology, 13(1), pp.21-30._1",N,quadratic,6,6,3,98.43936063277005,97.60639850968226,1235651.8158741938,0.9916848469614575,1,
236,"Spoilage_12_C02 Beef Striploins_Gill, C.O. and DeLacy, K.M., 1991. Growth of Escherichia coli and Salmonella typhimurium on high-pH beef packed under vacuum or carbon dioxide. International journal of food microbiology, 13(1), pp.21-30._1",N,cubic,8,8,4,144.9462622501575,145.34346995855668,9917855.302483404,0.9588147758989446,1,
236,"Spoilage_12_C02 Beef Striploins_Gill, C.O. and DeLacy, K.M., 1991. Growth of Escherichia coli and Salmonella typhimurium on high-pH beef packed under vacuum or carbon dioxide. International journal of food microbiology, 13(1), pp.21-30._1",N,logistic,8,8,3,135.62536081722453,135.9431269839439,3971818.377606225,0.9835064915769196,1,
236,"Spoilage_12_C02 Beef Striploins_Gill, C.O. and DeLacy, K.M., 1991. Growth of Escherichia coli and Salmonella typhimurium on high-pH beef packed under vacuum or carbon dioxide. International journal of food microbiology, 13(1), pp.21-30._1",N,quadratic,8,8,3,148.06821620701018,148.38598237372952,18813617.508358248,0.921873930441468,1,
237,"Spoilage_12_Vacuum Beef Striploins_Gill, C.O. and DeLacy, K.M., 1991. Growth of Escherichia coli and Salmonella typhimurium on high-pH beef packed under vacuum or carbon dioxide. International journal of food microbiology, 13(1), pp.21-30._1",N,cubic,7,7,4,124.26411359835818,123.99366434363475,5032753.8754723845,0.9773073394121875,1,
237,"Spoilage_12_Vacuum Beef Striploins_Gill, C.O. and DeLacy, K.M., 1991. Growth of Escherichia coli and Salmonella typhimurium on high-pH beef packed under vacuum or carbon dioxide. International journal of food microbiology, 13(1), pp.21-30._1",N,logistic,7,7,3,118.44749938945354,118.23113998567479,2917528.118990241,0.9868448811529791,1,
237,"Spoilage_12_Vacuum Beef Striploins_Gill, C.O. and DeLacy, K.M., 1991. Growth of Escherichia coli and Salmonella typhimurium on high-pH beef packed under vacuum or carbon dioxide. International journal of food microbiology, 13(1), pp.21-30._1",N,quadratic,7,7,3,124.5877351452886,124.37137574150985,7014035.82763814,0.9683737495761385,1,
238,"Spoilage_15_C02 Beef Striploins_Gill, C.O. and DeLacy, K.M., 1991. Growth of Escherichia coli and Salmonella typhimurium on high-pH beef packed under vacuum or carbon dioxide. International journal of food microbiology, 13(1), pp.21-30._1",N,cubic,7,7,4,108.34493787370978,108.07448861898635,517782.1752736721,0.9859332034968235,1,
238,"Spoilage_15_C02 Beef Striploins_Gill, C.O. and DeLacy, K.M., 1991. Growth of Escherichia coli and Salmonella typhimurium on high-pH beef packed under vacuum or carbon dioxide. International journal of food microbiology, 13(1), pp.21-30._1",N,logistic,7,7,3,98.28358850617691,98.06722910239816,163683.27401623488,0.995553150694415,1,
238,"Spoilage_15_C02 Beef Striploins_Gill, C.O. and DeLacy, K.M., 1991. Growth of Escherichia coli and Salmonella typhimurium on high-pH beef packed under vacuum or carbon dioxide. International journal of food microbiology, 13(1), pp.21-30._1",N,quadratic,7,7,3,116.8080770578712,116.59171765409245,2308351.268099751,0.9372880931464159,1,
239,"Spoilage_15_Vacuum Beef Striploins_Gill, C.O. and DeLacy, K.M., 1991. Growth of Escherichia coli and Salmonella typhimurium on high-pH beef packed under vacuum or carbon dioxide. International journal of food microbiology, 13(1), pp.21-30._1",N,cubic,5,5,4,55.69455702066273,53.74174658283323,2725.6773640119463,0.9999634818085659,1,
239,"Spoilage_15_Vacuum Beef Striploins_Gill, C.O. and DeLacy, K.M., 1991. Growth of Escherichia coli and Salmonella typhimurium on high-pH beef packed under vacuum or carbon dioxide. International journal of food microbiology, 13(1), pp.21-30._1",N,logistic,5,5,3,NA,NA,NA,NA,0,Insufficient data for logistic
239,"Spoilage_15_Vacuum Beef Striploins_Gill, C.O. and DeLacy, K.M., 1991. Growth of Escherichia coli and Salmonella typhimurium on high-pH beef packed under vacuum or carbon dioxide. International journal of food microbiology, 13(1), pp.21-30._1",N,quadratic,5,5,3,84.8331026556824,83.2708543054188,1380810.7396969537,0.9815001175148897,1,
240,"Spoilage_20_C02 Beef Striploins_Gill, C.O. and DeLacy, K.M., 1991. Growth of Escherichia coli and Salmonella typhimurium on high-pH beef packed under vacuum or carbon dioxide. International journal of food microbiology, 13(1), pp.21-30._1",N,cubic,6,6,4,82.61504655681017,81.57384390295044,63347.46456440755,0.9965171020634224,1,
240,"Spoilage_20_C02 Beef Striploins_Gill, C.O. and DeLacy, K.M., 1991. Growth of Escherichia coli and Salmonella typhimurium on high-pH beef packed under vacuum or carbon dioxide. International journal of food microbiology, 13(1), pp.21-30._1",N,logistic,6,6,3,84.38642766275227,83.55346553966449,118771.13439856748,0.9934698611575659,1,
240,"Spoilage_20_C02 Beef Striploins_Gill, C.O. and DeLacy, K.M., 1991. Growth of Escherichia coli and Salmonella typhimurium on high-pH beef packed under vacuum or carbon dioxide. International journal of food microbiology, 13(1), pp.21-30._1",N,quadratic,6,6,3,94.13475773692704,93.30179561383926,603001.738610634,0.9668464472003553,1,
241,"Spoilage_20_Vacuum Beef Striploins_Gill, C.O. and DeLacy, K.M., 1991. Growth of Escherichia coli and Salmonella typhimurium on high-pH beef packed under vacuum or carbon dioxide. International journal of food microbiology, 13(1), pp.21-30._1",N,cubic,6,6,4,104.47466438249204,103.43346172863231,2420923.8945930745,0.9808059078786299,1,
241,"Spoilage_20_Vacuum Beef Striploins_Gill, C.O. and DeLacy, K.M., 1991. Growth of Escherichia coli and Salmonella typhimurium on high-pH beef packed under vacuum or carbon dioxide. International journal of food microbiology, 13(1), pp.21-30._1",N,logistic,6,6,3,100.47253828246407,99.63957615937629,1734053.2003524243,0.9862517045887905,1,
241,"Spoilage_20_Vacuum Beef Striploins_Gill, C.O. and DeLacy, K.M., 1991. Growth of Escherichia coli and Salmonella typhimurium on high-pH beef packed under vacuum or carbon dioxide. International journal of food microbiology, 13(1), pp.21-30._1",N,quadratic,6,6,3,103.27841421215132,102.44545208906354,2767951.585679283,0.9780545279256079,1,
242,"Spoilage_30_C02 Beef Striploins_Gill, C.O. and DeLacy, K.M., 1991. Growth of Escherichia coli and Salmonella typhimurium on high-pH beef packed under vacuum or carbon dioxide. International journal of food microbiology, 13(1), pp.21-30._1",N,cubic,7,7,4,91.61093039006532,91.34048113534189,47417.06310785526,0.9980499205036852,1,
242,"Spoilage_30_C02 Beef Striploins_Gill, C.O. and DeLacy, K.M., 1991. Growth of Escherichia coli and Salmonella typhimurium on high-pH beef packed under vacuum or carbon dioxide. International journal of food microbiology, 13(1), pp.21-30._1",N,logistic,7,7,3,85.3119418273757,85.09558242359695,25657.628167810464,0.9989448014842187,1,
242,"Spoilage_30_C02 Beef Striploins_Gill, C.O. and DeLacy, K.M., 1991. Growth of Escherichia coli and Salmonella typhimurium on high-pH beef packed under vacuum or carbon dioxide. International journal of food microbiology, 13(1), pp.21-30._1",N,quadratic,7,7,3,107.73153697913699,107.51517757535824,631211.0206734695,0.9740407442261151,1,
243,"Spoilage_30_Vacuum Beef Striploins_Gill, C.O. and DeLacy, K.M., 1991. Growth of Escherichia coli and Salmonella typhimurium on high-pH beef packed under vacuum or carbon dioxide. International journal of food microbiology, 13(1), pp.21-30._1",N,cubic,6,6,4,85.37843535682778,84.33723270296805,100403.7626659486,0.9986041195608067,1,
243,"Spoilage_30_Vacuum Beef Striploins_Gill, C.O. and DeLacy, K.M., 1991. Growth of Escherichia coli and Salmonella typhimurium on high-pH beef packed under vacuum or carbon dioxide. International journal of food microbiology, 13(1), pp.21-30._1",N,logistic,6,6,3,91.53406648343986,90.70110436035208,390907.7261930831,0.9945653386483344,1,
243,"Spoilage_30_Vacuum Beef Striploins_Gill, C.O. and DeLacy, K.M., 1991. Growth of Escherichia coli and Salmonella typhimurium on high-pH beef packed under vacuum or carbon dioxide. International journal of food microbiology, 13(1), pp.21-30._1",N,quadratic,6,6,3,83.5009620935387,82.66799997045092,102475.19877121883,0.9985753210669693,1,
244,"Spoilage_8_Vacuum Beef Striploins_Gill, C.O. and DeLacy, K.M., 1991. Growth of Escherichia coli and Salmonella typhimurium on high-pH beef packed under vacuum or carbon dioxide. International journal of food microbiology, 13(1), pp.21-30._1",N,cubic,7,7,4,121.68608309907125,121.41563384434782,3482245.18243038,0.9851639123975632,1,
244,"Spoilage_8_Vacuum Beef Striploins_Gill, C.O. and DeLacy, K.M., 1991. Growth of Escherichia coli and Salmonella typhimurium on high-pH beef packed under vacuum or carbon dioxide. International journal of food microbiology, 13(1), pp.21-30._1",N,logistic,7,7,3,121.7145866735596,121.49822726978084,4652773.428541527,0.9801768828546545,1,
244,"Spoilage_8_Vacuum Beef Striploins_Gill, C.O. and DeLacy, K.M., 1991. Growth of Escherichia coli and Salmonella typhimurium on high-pH beef packed under vacuum or carbon dioxide. International journal of food microbiology, 13(1), pp.21-30._1",N,quadratic,7,7,3,120.2260467837542,120.00968737997545,3761489.12304689,0.9839741950317846,1,
245,"Staphylococcus spp._10_Cooked Chicken Breast_Galarz, L.A., Fonseca, G.G. and Prentice, C., 2016. Predicting bacterial growth in raw, salted, and cooked chicken breast fillets during storage. Food Science and Technology International, 22(6), pp.461-474._1",CFU,cubic,12,12,4,116.09848761754466,118.52302086648467,4858.91391759193,0.9854256795825604,1,
245,"Staphylococcus spp._10_Cooked Chicken Breast_Galarz, L.A., Fonseca, G.G. and Prentice, C., 2016. Predicting bacterial growth in raw, salted, and cooked chicken breast fillets during storage. Food Science and Technology International, 22(6), pp.461-474._1",CFU,logistic,12,12,3,115.27744212411406,117.21706872326607,5360.52087253325,0.9839211086827834,1,
245,"Staphylococcus spp._10_Cooked Chicken Breast_Galarz, L.A., Fonseca, G.G. and Prentice, C., 2016. Predicting bacterial growth in raw, salted, and cooked chicken breast fillets during storage. Food Science and Technology International, 22(6), pp.461-474._1",CFU,quadratic,12,12,3,117.81408410408247,119.75371070323447,6622.334688388073,0.9801362960330186,1,
246,"Staphylococcus spp._10_Raw Chicken Breast_Galarz, L.A., Fonseca, G.G. and Prentice, C., 2016. Predicting bacterial growth in raw, salted, and cooked chicken breast fillets during storage. Food Science and Technology International, 22(6), pp.461-474._1",CFU,cubic,11,11,4,146.17567470378933,148.16515106778118,153219.22188520545,0.9660765841818797,1,
246,"Staphylococcus spp._10_Raw Chicken Breast_Galarz, L.A., Fonseca, G.G. and Prentice, C., 2016. Predicting bacterial growth in raw, salted, and cooked chicken breast fillets during storage. Food Science and Technology International, 22(6), pp.461-474._1",CFU,logistic,11,11,3,125.18847595742349,126.78005704861698,27269.27857789176,0.9939624606829615,1,
246,"Staphylococcus spp._10_Raw Chicken Breast_Galarz, L.A., Fonseca, G.G. and Prentice, C., 2016. Predicting bacterial growth in raw, salted, and cooked chicken breast fillets during storage. Food Science and Technology International, 22(6), pp.461-474._1",CFU,quadratic,11,11,3,148.5407679026159,150.1323489938094,227852.01770939757,0.9495525519145066,1,
247,"Staphylococcus spp._10_Salted Chicken Breast_Galarz, L.A., Fonseca, G.G. and Prentice, C., 2016. Predicting bacterial growth in raw, salted, and cooked chicken breast fillets during storage. Food Science and Technology International, 22(6), pp.461-474._1",CFU,cubic,13,13,4,181.46157691115485,184.28632369846252,406941.35418916045,0.9255537883461523,1,
247,"Staphylococcus spp._10_Salted Chicken Breast_Galarz, L.A., Fonseca, G.G. and Prentice, C., 2016. Predicting bacterial growth in raw, salted, and cooked chicken breast fillets during storage. Food Science and Technology International, 22(6), pp.461-474._1",CFU,logistic,13,13,3,169.80647646840995,172.0662738982561,193633.85842334453,0.964576450490616,1,
247,"Staphylococcus spp._10_Salted Chicken Breast_Galarz, L.A., Fonseca, G.G. and Prentice, C., 2016. Predicting bacterial growth in raw, salted, and cooked chicken breast fillets during storage. Food Science and Technology International, 22(6), pp.461-474._1",CFU,quadratic,13,13,3,186.39135093307732,188.65114836292346,693484.314977111,0.8731333653855896,1,
248,"Staphylococcus spp._15_Cooked Chicken Breast_Galarz, L.A., Fonseca, G.G. and Prentice, C., 2016. Predicting bacterial growth in raw, salted, and cooked chicken breast fillets during storage. Food Science and Technology International, 22(6), pp.461-474._1",CFU,cubic,11,11,4,131.9281013377316,133.91757770172345,41956.60107402643,0.9894422026351081,1,
248,"Staphylococcus spp._15_Cooked Chicken Breast_Galarz, L.A., Fonseca, G.G. and Prentice, C., 2016. Predicting bacterial growth in raw, salted, and cooked chicken breast fillets during storage. Food Science and Technology International, 22(6), pp.461-474._1",CFU,logistic,11,11,3,120.36196142480242,121.9535425159959,17583.95244654095,0.9955752419869063,1,
248,"Staphylococcus spp._15_Cooked Chicken Breast_Galarz, L.A., Fonseca, G.G. and Prentice, C., 2016. Predicting bacterial growth in raw, salted, and cooked chicken breast fillets during storage. Food Science and Technology International, 22(6), pp.461-474._1",CFU,quadratic,11,11,3,129.93004276533856,131.52162385653202,41964.00679150267,0.989440339088909,1,
249,"Staphylococcus spp._15_Raw Chicken Breast_Galarz, L.A., Fonseca, G.G. and Prentice, C., 2016. Predicting bacterial growth in raw, salted, and cooked chicken breast fillets during storage. Food Science and Technology International, 22(6), pp.461-474._1",CFU,cubic,9,9,4,98.23631773691814,99.22244062359924,9541.278928314383,0.9924164811866922,1,
249,"Staphylococcus spp._15_Raw Chicken Breast_Galarz, L.A., Fonseca, G.G. and Prentice, C., 2016. Predicting bacterial growth in raw, salted, and cooked chicken breast fillets during storage. Food Science and Technology International, 22(6), pp.461-474._1",CFU,logistic,9,9,3,98.63196601166602,99.4208643210109,12451.121232430292,0.9901037048783153,1,
249,"Staphylococcus spp._15_Raw Chicken Breast_Galarz, L.A., Fonseca, G.G. and Prentice, C., 2016. Predicting bacterial growth in raw, salted, and cooked chicken breast fillets during storage. Food Science and Technology International, 22(6), pp.461-474._1",CFU,quadratic,9,9,3,100.7038962102953,101.49279451964017,15674.342567933518,0.9875418512923452,1,
250,"Staphylococcus spp._15_Salted Chicken Breast_Galarz, L.A., Fonseca, G.G. and Prentice, C., 2016. Predicting bacterial growth in raw, salted, and cooked chicken breast fillets during storage. Food Science and Technology International, 22(6), pp.461-474._1",CFU,cubic,12,12,4,173.63624213457462,176.06077538351462,587354.0652638078,0.9379323518882682,1,
250,"Staphylococcus spp._15_Salted Chicken Breast_Galarz, L.A., Fonseca, G.G. and Prentice, C., 2016. Predicting bacterial growth in raw, salted, and cooked chicken breast fillets during storage. Food Science and Technology International, 22(6), pp.461-474._1",CFU,logistic,12,12,3,124.29574901201772,126.23537561116973,11365.54854223668,0.9987989648676399,1,
250,"Staphylococcus spp._15_Salted Chicken Breast_Galarz, L.A., Fonseca, G.G. and Prentice, C., 2016. Predicting bacterial growth in raw, salted, and cooked chicken breast fillets during storage. Food Science and Technology International, 22(6), pp.461-474._1",CFU,quadratic,12,12,3,172.75525214661874,174.69487874577075,644760.3194266598,0.9318660430066021,1,
251,"Staphylococcus spp._20_Cooked Chicken Breast_Galarz, L.A., Fonseca, G.G. and Prentice, C., 2016. Predicting bacterial growth in raw, salted, and cooked chicken breast fillets during storage. Food Science and Technology International, 22(6), pp.461-474._1",CFU,cubic,9,9,4,109.7064940238081,110.6926169104892,34127.09241867125,0.9929302669533914,1,
251,"Staphylococcus spp._20_Cooked Chicken Breast_Galarz, L.A., Fonseca, G.G. and Prentice, C., 2016. Predicting bacterial growth in raw, salted, and cooked chicken breast fillets during storage. Food Science and Technology International, 22(6), pp.461-474._1",CFU,logistic,9,9,3,93.03186939656271,93.82076770590758,6683.071721824739,0.9986155417981407,1,
251,"Staphylococcus spp._20_Cooked Chicken Breast_Galarz, L.A., Fonseca, G.G. and Prentice, C., 2016. Predicting bacterial growth in raw, salted, and cooked chicken breast fillets during storage. Food Science and Technology International, 22(6), pp.461-474._1",CFU,quadratic,9,9,3,124.41195090316859,125.20084921251346,218383.66418988694,0.9547598667761674,1,
252,"Staphylococcus spp._20_Raw Chicken Breast_Galarz, L.A., Fonseca, G.G. and Prentice, C., 2016. Predicting bacterial growth in raw, salted, and cooked chicken breast fillets during storage. Food Science and Technology International, 22(6), pp.461-474._1",CFU,cubic,9,9,4,105.74427649266856,106.73039937934966,21973.675650681645,0.9784302827952617,1,
252,"Staphylococcus spp._20_Raw Chicken Breast_Galarz, L.A., Fonseca, G.G. and Prentice, C., 2016. Predicting bacterial growth in raw, salted, and cooked chicken breast fillets during storage. Food Science and Technology International, 22(6), pp.461-474._1",CFU,logistic,9,9,3,89.08982290306733,89.8787212124122,4312.736211366991,0.9957665480306235,1,
252,"Staphylococcus spp._20_Raw Chicken Breast_Galarz, L.A., Fonseca, G.G. and Prentice, C., 2016. Predicting bacterial growth in raw, salted, and cooked chicken breast fillets during storage. Food Science and Technology International, 22(6), pp.461-474._1",CFU,quadratic,9,9,3,103.7830152387516,104.57191354809648,22068.460901276456,0.9783372400525266,1,
253,"Staphylococcus spp._20_Salted Chicken Breast_Galarz, L.A., Fonseca, G.G. and Prentice, C., 2016. Predicting bacterial growth in raw, salted, and cooked chicken breast fillets during storage. Food Science and Technology International, 22(6), pp.461-474._1",CFU,cubic,9,9,4,123.05308873229501,124.03921161897611,150362.12262260763,0.9727128215602551,1,
253,"Staphylococcus spp._20_Salted Chicken Breast_Galarz, L.A., Fonseca, G.G. and Prentice, C., 2016. Predicting bacterial growth in raw, salted, and cooked chicken breast fillets during storage. Food Science and Technology International, 22(6), pp.461-474._1",CFU,logistic,9,9,3,99.97444724865521,100.76334555800008,14454.058780379159,0.9973769292808622,1,
253,"Staphylococcus spp._20_Salted Chicken Breast_Galarz, L.A., Fonseca, G.G. and Prentice, C., 2016. Predicting bacterial growth in raw, salted, and cooked chicken breast fillets during storage. Food Science and Technology International, 22(6), pp.461-474._1",CFU,quadratic,9,9,3,133.8369223012856,134.62582061063046,622331.2377970936,0.8870615601974526,1,
254,"Staphylococcus spp._2_Cooked Chicken Breast_Galarz, L.A., Fonseca, G.G. and Prentice, C., 2016. Predicting bacterial growth in raw, salted, and cooked chicken breast fillets during storage. Food Science and Technology International, 22(6), pp.461-474._1",CFU,cubic,10,10,4,60.87909110817477,62.392016573145,94.88039870109178,0.8906194123979092,1,
254,"Staphylococcus spp._2_Cooked Chicken Breast_Galarz, L.A., Fonseca, G.G. and Prentice, C., 2016. Predicting bacterial growth in raw, salted, and cooked chicken breast fillets during storage. Food Science and Technology International, 22(6), pp.461-474._1",CFU,logistic,10,10,3,52.91053438635344,54.12087475832962,52.23545428614391,0.9397816117796854,1,
254,"Staphylococcus spp._2_Cooked Chicken Breast_Galarz, L.A., Fonseca, G.G. and Prentice, C., 2016. Predicting bacterial growth in raw, salted, and cooked chicken breast fillets during storage. Food Science and Technology International, 22(6), pp.461-474._1",CFU,quadratic,10,10,3,65.74159242563822,66.9519327976144,188.45651095357115,0.7827424400852115,1,
255,"Staphylococcus spp._2_Raw Chicken Breast_Galarz, L.A., Fonseca, G.G. and Prentice, C., 2016. Predicting bacterial growth in raw, salted, and cooked chicken breast fillets during storage. Food Science and Technology International, 22(6), pp.461-474._1",CFU,cubic,9,9,4,87.39635501127975,88.38247789796085,2861.045831098217,0.9954721226800359,1,
255,"Staphylococcus spp._2_Raw Chicken Breast_Galarz, L.A., Fonseca, G.G. and Prentice, C., 2016. Predicting bacterial growth in raw, salted, and cooked chicken breast fillets during storage. Food Science and Technology International, 22(6), pp.461-474._1",CFU,logistic,9,9,3,40.48190893092756,41.27080724027244,19.461701393951444,0.9999692000053296,1,
255,"Staphylococcus spp._2_Raw Chicken Breast_Galarz, L.A., Fonseca, G.G. and Prentice, C., 2016. Predicting bacterial growth in raw, salted, and cooked chicken breast fillets during storage. Food Science and Technology International, 22(6), pp.461-474._1",CFU,quadratic,9,9,3,98.477500795342,99.26639910468687,12239.248472230933,0.9806302244555283,1,
256,"Staphylococcus spp._2_Salted Chicken Breast_Galarz, L.A., Fonseca, G.G. and Prentice, C., 2016. Predicting bacterial growth in raw, salted, and cooked chicken breast fillets during storage. Food Science and Technology International, 22(6), pp.461-474._1",CFU,cubic,10,10,4,84.93022580083095,86.44315126580119,1051.2451594050394,0.9974589065367112,1,
256,"Staphylococcus spp._2_Salted Chicken Breast_Galarz, L.A., Fonseca, G.G. and Prentice, C., 2016. Predicting bacterial growth in raw, salted, and cooked chicken breast fillets during storage. Food Science and Technology International, 22(6), pp.461-474._1",CFU,logistic,10,10,3,68.10038969251599,69.31073006449218,238.5900950063533,0.9994232746515863,1,
256,"Staphylococcus spp._2_Salted Chicken Breast_Galarz, L.A., Fonseca, G.G. and Prentice, C., 2016. Predicting bacterial growth in raw, salted, and cooked chicken breast fillets during storage. Food Science and Technology International, 22(6), pp.461-474._1",CFU,quadratic,10,10,3,108.31369009153097,109.52403046350716,13307.41976521085,0.9678330053878632,1,
257,"Staphylococcus spp._4_Cooked Chicken Breast_Galarz, L.A., Fonseca, G.G. and Prentice, C., 2016. Predicting bacterial growth in raw, salted, and cooked chicken breast fillets during storage. Food Science and Technology International, 22(6), pp.461-474._1",CFU,cubic,7,7,4,79.32225647120288,79.05180721647945,8194.451669212687,0.9166778193463938,1,
257,"Staphylococcus spp._4_Cooked Chicken Breast_Galarz, L.A., Fonseca, G.G. and Prentice, C., 2016. Predicting bacterial growth in raw, salted, and cooked chicken breast fillets during storage. Food Science and Technology International, 22(6), pp.461-474._1",CFU,logistic,7,7,3,67.7669460458396,67.55058664206085,2092.611804608944,0.9787220688021646,1,
257,"Staphylococcus spp._4_Cooked Chicken Breast_Galarz, L.A., Fonseca, G.G. and Prentice, C., 2016. Predicting bacterial growth in raw, salted, and cooked chicken breast fillets during storage. Food Science and Technology International, 22(6), pp.461-474._1",CFU,quadratic,7,7,3,82.19246251772935,81.9761031139506,16431.513082624,0.8329223776343253,1,
258,"Staphylococcus spp._4_Raw Chicken Breast_Galarz, L.A., Fonseca, G.G. and Prentice, C., 2016. Predicting bacterial growth in raw, salted, and cooked chicken breast fillets during storage. Food Science and Technology International, 22(6), pp.461-474._1",CFU,cubic,8,8,4,71.80144608330833,72.19865379170751,1060.764587111693,0.9899273097248756,1,
258,"Staphylococcus spp._4_Raw Chicken Breast_Galarz, L.A., Fonseca, G.G. and Prentice, C., 2016. Predicting bacterial growth in raw, salted, and cooked chicken breast fillets during storage. Food Science and Technology International, 22(6), pp.461-474._1",CFU,logistic,8,8,3,69.29014416779265,69.60791033451198,995.089314298873,0.9905509416690557,1,
258,"Staphylococcus spp._4_Raw Chicken Breast_Galarz, L.A., Fonseca, G.G. and Prentice, C., 2016. Predicting bacterial growth in raw, salted, and cooked chicken breast fillets during storage. Food Science and Technology International, 22(6), pp.461-474._1",CFU,quadratic,8,8,3,78.51637112185043,78.83413728856976,3153.0038023838683,0.9700600575060883,1,
259,"Staphylococcus spp._4_Salted Chicken Breast_Galarz, L.A., Fonseca, G.G. and Prentice, C., 2016. Predicting bacterial growth in raw, salted, and cooked chicken breast fillets during storage. Food Science and Technology International, 22(6), pp.461-474._1",CFU,cubic,6,6,4,69.79726615232494,68.75606349846522,7480.7881136538435,0.9594515353586152,1,
259,"Staphylococcus spp._4_Salted Chicken Breast_Galarz, L.A., Fonseca, G.G. and Prentice, C., 2016. Predicting bacterial growth in raw, salted, and cooked chicken breast fillets during storage. Food Science and Technology International, 22(6), pp.461-474._1",CFU,logistic,6,6,3,67.7577131724974,66.92475104940962,7431.635725047425,0.959717958342553,1,
259,"Staphylococcus spp._4_Salted Chicken Breast_Galarz, L.A., Fonseca, G.G. and Prentice, C., 2016. Predicting bacterial growth in raw, salted, and cooked chicken breast fillets during storage. Food Science and Technology International, 22(6), pp.461-474._1",CFU,quadratic,6,6,3,75.64026916158303,74.80730703849525,27646.6708491548,0.8501454608328141,1,
260,"Staphylococcus spp._7_Cooked Chicken Breast_Galarz, L.A., Fonseca, G.G. and Prentice, C., 2016. Predicting bacterial growth in raw, salted, and cooked chicken breast fillets during storage. Food Science and Technology International, 22(6), pp.461-474._1",CFU,cubic,14,14,4,111.79664066173952,114.99192730981581,1178.937492685459,0.9946937675748564,1,
260,"Staphylococcus spp._7_Cooked Chicken Breast_Galarz, L.A., Fonseca, G.G. and Prentice, C., 2016. Predicting bacterial growth in raw, salted, and cooked chicken breast fillets during storage. Food Science and Technology International, 22(6), pp.461-474._1",CFU,logistic,14,14,3,115.21103613537005,117.76726545383109,1735.605140521837,0.9921882845095503,1,
260,"Staphylococcus spp._7_Cooked Chicken Breast_Galarz, L.A., Fonseca, G.G. and Prentice, C., 2016. Predicting bacterial growth in raw, salted, and cooked chicken breast fillets during storage. Food Science and Technology International, 22(6), pp.461-474._1",CFU,quadratic,14,14,3,134.29484153253094,136.851070850992,6783.445058940076,0.969468664497269,1,
261,"Staphylococcus spp._7_Raw Chicken Breast_Galarz, L.A., Fonseca, G.G. and Prentice, C., 2016. Predicting bacterial growth in raw, salted, and cooked chicken breast fillets during storage. Food Science and Technology International, 22(6), pp.461-474._1",CFU,cubic,14,14,4,193.55530513873543,196.75059178681173,405255.6929123053,0.9176961493341554,1,
261,"Staphylococcus spp._7_Raw Chicken Breast_Galarz, L.A., Fonseca, G.G. and Prentice, C., 2016. Predicting bacterial growth in raw, salted, and cooked chicken breast fillets during storage. Food Science and Technology International, 22(6), pp.461-474._1",CFU,logistic,14,14,3,173.5277081539897,176.0839374724507,111813.54525495015,0.977291656867425,1,
261,"Staphylococcus spp._7_Raw Chicken Breast_Galarz, L.A., Fonseca, G.G. and Prentice, C., 2016. Predicting bacterial growth in raw, salted, and cooked chicken breast fillets during storage. Food Science and Technology International, 22(6), pp.461-474._1",CFU,quadratic,14,14,3,196.7129060902131,199.26913540867412,585764.7604966795,0.881036352563552,1,
262,"Staphylococcus spp._7_Salted Chicken Breast_Galarz, L.A., Fonseca, G.G. and Prentice, C., 2016. Predicting bacterial growth in raw, salted, and cooked chicken breast fillets during storage. Food Science and Technology International, 22(6), pp.461-474._1",CFU,cubic,14,14,4,191.94877835161802,195.1440649996943,361320.8320385341,0.9141539109725482,1,
262,"Staphylococcus spp._7_Salted Chicken Breast_Galarz, L.A., Fonseca, G.G. and Prentice, C., 2016. Predicting bacterial growth in raw, salted, and cooked chicken breast fillets during storage. Food Science and Technology International, 22(6), pp.461-474._1",CFU,logistic,14,14,3,172.31002488271344,174.86625420117446,102499.23477993878,0.9756472429654266,1,
262,"Staphylococcus spp._7_Salted Chicken Breast_Galarz, L.A., Fonseca, G.G. and Prentice, C., 2016. Predicting bacterial growth in raw, salted, and cooked chicken breast fillets during storage. Food Science and Technology International, 22(6), pp.461-474._1",CFU,quadratic,14,14,3,190.0928652958504,192.64909461431142,365058.7208345653,0.9132658272920462,1,
263,"Stenotrophomonas.maltophilia..RDA.R._15_TSB_Bae, Y.M., Zheng, L., Hyun, J.E., Jung, K.S., Heu, S. and Lee, S.Y., 2014. Growth characteristics and biofilm formation of various spoilage bacteria isolated from fresh produce. Journal of food science, 79(10), pp.M2072-M2080._1",OD_595,cubic,23,23,4,-112.2608440213293,-106.58337294168356,0.006617274366222941,0.9476088238332947,1,
263,"Stenotrophomonas.maltophilia..RDA.R._15_TSB_Bae, Y.M., Zheng, L., Hyun, J.E., Jung, K.S., Heu, S. and Lee, S.Y., 2014. Growth characteristics and biofilm formation of various spoilage bacteria isolated from fresh produce. Journal of food science, 79(10), pp.M2072-M2080._1",OD_595,logistic,23,23,3,-128.968009916404,-124.42603305268739,0.0034911861955247547,0.9723591102804903,1,
263,"Stenotrophomonas.maltophilia..RDA.R._15_TSB_Bae, Y.M., Zheng, L., Hyun, J.E., Jung, K.S., Heu, S. and Lee, S.Y., 2014. Growth characteristics and biofilm formation of various spoilage bacteria isolated from fresh produce. Journal of food science, 79(10), pp.M2072-M2080._1",OD_595,quadratic,23,23,3,-88.48413374432924,-83.94215688061264,0.020295721327583557,0.8393119806349034,1,
264,"Stenotrophomonas.maltophilia..RDA.R._25_TSB_Bae, Y.M., Zheng, L., Hyun, J.E., Jung, K.S., Heu, S. and Lee, S.Y., 2014. Growth characteristics and biofilm formation of various spoilage bacteria isolated from fresh produce. Journal of food science, 79(10), pp.M2072-M2080._1",OD_595,cubic,13,13,4,-56.48590928784327,-53.66116250053559,0.004574634732204685,0.9583594564250946,1,
264,"Stenotrophomonas.maltophilia..RDA.R._25_TSB_Bae, Y.M., Zheng, L., Hyun, J.E., Jung, K.S., Heu, S. and Lee, S.Y., 2014. Growth characteristics and biofilm formation of various spoilage bacteria isolated from fresh produce. Journal of food science, 79(10), pp.M2072-M2080._1",OD_595,logistic,13,13,3,-70.94341740718096,-68.68361997733481,0.0017546282309322937,0.9840285230220592,1,
264,"Stenotrophomonas.maltophilia..RDA.R._25_TSB_Bae, Y.M., Zheng, L., Hyun, J.E., Jung, K.S., Heu, S. and Lee, S.Y., 2014. Growth characteristics and biofilm formation of various spoilage bacteria isolated from fresh produce. Journal of food science, 79(10), pp.M2072-M2080._1",OD_595,quadratic,13,13,3,-51.904903867435394,-49.64510643758925,0.00758944177878033,0.9309172208059103,1,
265,"Stenotrophomonas.maltophilia..RDA.R._35_TSB_Bae, Y.M., Zheng, L., Hyun, J.E., Jung, K.S., Heu, S. and Lee, S.Y., 2014. Growth characteristics and biofilm formation of various spoilage bacteria isolated from fresh produce. Journal of food science, 79(10), pp.M2072-M2080._1",OD_595,cubic,15,15,4,-75.5368637269592,-71.99661272144814,0.002931372759408054,0.9234068438178784,1,
265,"Stenotrophomonas.maltophilia..RDA.R._35_TSB_Bae, Y.M., Zheng, L., Hyun, J.E., Jung, K.S., Heu, S. and Lee, S.Y., 2014. Growth characteristics and biofilm formation of various spoilage bacteria isolated from fresh produce. Journal of food science, 79(10), pp.M2072-M2080._1",OD_595,logistic,15,15,3,-75.04903421549143,-72.21683341108259,0.0034601991064898176,0.9095892633463203,1,
265,"Stenotrophomonas.maltophilia..RDA.R._35_TSB_Bae, Y.M., Zheng, L., Hyun, J.E., Jung, K.S., Heu, S. and Lee, S.Y., 2014. Growth characteristics and biofilm formation of various spoilage bacteria isolated from fresh produce. Journal of food science, 79(10), pp.M2072-M2080._1",OD_595,quadratic,15,15,3,-61.80941840880442,-58.97721760439558,0.00836425431007322,0.7814523469721435,1,
266,"Stenotrophomonas.maltophilia..RDA.R._5_TSB_Bae, Y.M., Zheng, L., Hyun, J.E., Jung, K.S., Heu, S. and Lee, S.Y., 2014. Growth characteristics and biofilm formation of various spoilage bacteria isolated from fresh produce. Journal of food science, 79(10), pp.M2072-M2080._1",OD_595,cubic,29,29,4,-222.1150098400249,-215.27853069009254,5.673426629364391e-4,0.9939277098507261,1,
266,"Stenotrophomonas.maltophilia..RDA.R._5_TSB_Bae, Y.M., Zheng, L., Hyun, J.E., Jung, K.S., Heu, S. and Lee, S.Y., 2014. Growth characteristics and biofilm formation of various spoilage bacteria isolated from fresh produce. Journal of food science, 79(10), pp.M2072-M2080._1",OD_595,logistic,29,29,3,-226.63703471071165,-221.16785139076575,5.200875122152902e-4,0.9944334835303245,1,
266,"Stenotrophomonas.maltophilia..RDA.R._5_TSB_Bae, Y.M., Zheng, L., Hyun, J.E., Jung, K.S., Heu, S. and Lee, S.Y., 2014. Growth characteristics and biofilm formation of various spoilage bacteria isolated from fresh produce. Journal of food science, 79(10), pp.M2072-M2080._1",OD_595,quadratic,29,29,3,-173.1499863914485,-167.6808030715026,0.003289128998671335,0.9647963269412008,1,
267,"Stenotrophomonas.maltophilia.1_15_TSB_Bae, Y.M., Zheng, L., Hyun, J.E., Jung, K.S., Heu, S. and Lee, S.Y., 2014. Growth characteristics and biofilm formation of various spoilage bacteria isolated from fresh produce. Journal of food science, 79(10), pp.M2072-M2080._1",OD_595,cubic,22,22,4,-109.07438547944514,-103.61917321265356,0.005745681899480291,0.9386020078925175,1,
267,"Stenotrophomonas.maltophilia.1_15_TSB_Bae, Y.M., Zheng, L., Hyun, J.E., Jung, K.S., Heu, S. and Lee, S.Y., 2014. Growth characteristics and biofilm formation of various spoilage bacteria isolated from fresh produce. Journal of food science, 79(10), pp.M2072-M2080._1",OD_595,logistic,22,22,3,-73.72346422874328,-69.35929441531002,0.03138147486760548,0.6646595513029218,1,
267,"Stenotrophomonas.maltophilia.1_15_TSB_Bae, Y.M., Zheng, L., Hyun, J.E., Jung, K.S., Heu, S. and Lee, S.Y., 2014. Growth characteristics and biofilm formation of various spoilage bacteria isolated from fresh produce. Journal of food science, 79(10), pp.M2072-M2080._1",OD_595,quadratic,22,22,3,-76.7707699768763,-72.40660016344303,0.027322317219416335,0.7080354523024337,1,
268,"Stenotrophomonas.maltophilia.1_25_TSB_Bae, Y.M., Zheng, L., Hyun, J.E., Jung, K.S., Heu, S. and Lee, S.Y., 2014. Growth characteristics and biofilm formation of various spoilage bacteria isolated from fresh produce. Journal of food science, 79(10), pp.M2072-M2080._1",OD_595,cubic,15,15,4,-74.28019638920523,-70.73994538369418,0.0031875374339332815,0.9656411669247302,1,
268,"Stenotrophomonas.maltophilia.1_25_TSB_Bae, Y.M., Zheng, L., Hyun, J.E., Jung, K.S., Heu, S. and Lee, S.Y., 2014. Growth characteristics and biofilm formation of various spoilage bacteria isolated from fresh produce. Journal of food science, 79(10), pp.M2072-M2080._1",OD_595,logistic,15,15,3,-58.86500112651599,-56.03280032210715,0.010178337342582474,0.8902865296530676,1,
268,"Stenotrophomonas.maltophilia.1_25_TSB_Bae, Y.M., Zheng, L., Hyun, J.E., Jung, K.S., Heu, S. and Lee, S.Y., 2014. Growth characteristics and biofilm formation of various spoilage bacteria isolated from fresh produce. Journal of food science, 79(10), pp.M2072-M2080._1",OD_595,quadratic,15,15,3,-65.40401210755473,-62.57181130314589,0.00658192730868505,0.9290526475688747,1,
269,"Stenotrophomonas.maltophilia.1_35_TSB_Bae, Y.M., Zheng, L., Hyun, J.E., Jung, K.S., Heu, S. and Lee, S.Y., 2014. Growth characteristics and biofilm formation of various spoilage bacteria isolated from fresh produce. Journal of food science, 79(10), pp.M2072-M2080._1",OD_595,cubic,15,15,4,-88.76275037175482,-85.22249936624377,0.001213786795309611,0.984759309858432,1,
269,"Stenotrophomonas.maltophilia.1_35_TSB_Bae, Y.M., Zheng, L., Hyun, J.E., Jung, K.S., Heu, S. and Lee, S.Y., 2014. Growth characteristics and biofilm formation of various spoilage bacteria isolated from fresh produce. Journal of food science, 79(10), pp.M2072-M2080._1",OD_595,logistic,15,15,3,-74.65454893911725,-71.8223481347084,0.003552406108943106,0.9553948675561221,1,
269,"Stenotrophomonas.maltophilia.1_35_TSB_Bae, Y.M., Zheng, L., Hyun, J.E., Jung, K.S., Heu, S. and Lee, S.Y., 2014. Growth characteristics and biofilm formation of various spoilage bacteria isolated from fresh produce. Journal of food science, 79(10), pp.M2072-M2080._1",OD_595,quadratic,15,15,3,-58.35326946781201,-55.52106866340317,0.01053156687184187,0.867762321999884,1,
270,"Stenotrophomonas.maltophilia.1_5_TSB_Bae, Y.M., Zheng, L., Hyun, J.E., Jung, K.S., Heu, S. and Lee, S.Y., 2014. Growth characteristics and biofilm formation of various spoilage bacteria isolated from fresh produce. Journal of food science, 79(10), pp.M2072-M2080._1",OD_595,cubic,29,29,4,-153.00051814347427,-146.1640389935419,0.006150088797736291,0.9587829583188564,1,
270,"Stenotrophomonas.maltophilia.1_5_TSB_Bae, Y.M., Zheng, L., Hyun, J.E., Jung, K.S., Heu, S. and Lee, S.Y., 2014. Growth characteristics and biofilm formation of various spoilage bacteria isolated from fresh produce. Journal of food science, 79(10), pp.M2072-M2080._1",OD_595,logistic,29,29,3,-185.53324201088031,-180.06405869093442,0.0021460178741300228,0.9856176860081998,1,
270,"Stenotrophomonas.maltophilia.1_5_TSB_Bae, Y.M., Zheng, L., Hyun, J.E., Jung, K.S., Heu, S. and Lee, S.Y., 2014. Growth characteristics and biofilm formation of various spoilage bacteria isolated from fresh produce. Journal of food science, 79(10), pp.M2072-M2080._1",OD_595,quadratic,29,29,3,-147.0691416124895,-141.5999582925436,0.00808461006814883,0.9458180652160119,1,
271,"Stenotrophomonas.maltophilia.2_15_TSB_Bae, Y.M., Zheng, L., Hyun, J.E., Jung, K.S., Heu, S. and Lee, S.Y., 2014. Growth characteristics and biofilm formation of various spoilage bacteria isolated from fresh produce. Journal of food science, 79(10), pp.M2072-M2080._1",OD_595,cubic,23,23,4,-114.95935894973547,-109.28188787008972,0.005884706235661869,0.9690846185821993,1,
271,"Stenotrophomonas.maltophilia.2_15_TSB_Bae, Y.M., Zheng, L., Hyun, J.E., Jung, K.S., Heu, S. and Lee, S.Y., 2014. Growth characteristics and biofilm formation of various spoilage bacteria isolated from fresh produce. Journal of food science, 79(10), pp.M2072-M2080._1",OD_595,logistic,23,23,3,-52.20790686929837,-47.66593000558177,0.09826199671139829,0.4837793110558065,1,
271,"Stenotrophomonas.maltophilia.2_15_TSB_Bae, Y.M., Zheng, L., Hyun, J.E., Jung, K.S., Heu, S. and Lee, S.Y., 2014. Growth characteristics and biofilm formation of various spoilage bacteria isolated from fresh produce. Journal of food science, 79(10), pp.M2072-M2080._1",OD_595,quadratic,23,23,3,-68.39713271752686,-63.85515585381026,0.04860653381570662,0.744644936869854,1,
272,"Stenotrophomonas.maltophilia.2_25_TSB_Bae, Y.M., Zheng, L., Hyun, J.E., Jung, K.S., Heu, S. and Lee, S.Y., 2014. Growth characteristics and biofilm formation of various spoilage bacteria isolated from fresh produce. Journal of food science, 79(10), pp.M2072-M2080._1",OD_595,cubic,16,16,4,-69.98440320644539,-66.12145959524649,0.006318246609177332,0.9910229897027351,1,
272,"Stenotrophomonas.maltophilia.2_25_TSB_Bae, Y.M., Zheng, L., Hyun, J.E., Jung, K.S., Heu, S. and Lee, S.Y., 2014. Growth characteristics and biofilm formation of various spoilage bacteria isolated from fresh produce. Journal of food science, 79(10), pp.M2072-M2080._1",OD_595,logistic,16,16,3,-69.68619252781542,-66.5958376388563,0.00729420284485849,0.9896363440525535,1,
272,"Stenotrophomonas.maltophilia.2_25_TSB_Bae, Y.M., Zheng, L., Hyun, J.E., Jung, K.S., Heu, S. and Lee, S.Y., 2014. Growth characteristics and biofilm formation of various spoilage bacteria isolated from fresh produce. Journal of food science, 79(10), pp.M2072-M2080._1",OD_595,quadratic,16,16,3,-62.65136623669633,-59.56101134773721,0.011322099740518022,0.9839134791273167,1,
273,"Stenotrophomonas.maltophilia.2_35_TSB_Bae, Y.M., Zheng, L., Hyun, J.E., Jung, K.S., Heu, S. and Lee, S.Y., 2014. Growth characteristics and biofilm formation of various spoilage bacteria isolated from fresh produce. Journal of food science, 79(10), pp.M2072-M2080._1",OD_595,cubic,16,16,4,-68.67668469243668,-64.81374108123778,0.006856342535960594,0.8722736742878728,1,
273,"Stenotrophomonas.maltophilia.2_35_TSB_Bae, Y.M., Zheng, L., Hyun, J.E., Jung, K.S., Heu, S. and Lee, S.Y., 2014. Growth characteristics and biofilm formation of various spoilage bacteria isolated from fresh produce. Journal of food science, 79(10), pp.M2072-M2080._1",OD_595,logistic,16,16,3,-72.77813530469734,-69.68778041573822,0.0060124569677121095,0.8879943595349333,1,
273,"Stenotrophomonas.maltophilia.2_35_TSB_Bae, Y.M., Zheng, L., Hyun, J.E., Jung, K.S., Heu, S. and Lee, S.Y., 2014. Growth characteristics and biofilm formation of various spoilage bacteria isolated from fresh produce. Journal of food science, 79(10), pp.M2072-M2080._1",OD_595,quadratic,16,16,3,-54.17980927276478,-51.08945438380565,0.019225333361949922,0.6418526090209979,1,
274,"Stenotrophomonas.maltophilia.2_5_TSB_Bae, Y.M., Zheng, L., Hyun, J.E., Jung, K.S., Heu, S. and Lee, S.Y., 2014. Growth characteristics and biofilm formation of various spoilage bacteria isolated from fresh produce. Journal of food science, 79(10), pp.M2072-M2080._1",OD_595,cubic,29,29,4,-177.3135232355981,-170.47704408566574,0.0026593641009876718,0.9888483106388974,1,
274,"Stenotrophomonas.maltophilia.2_5_TSB_Bae, Y.M., Zheng, L., Hyun, J.E., Jung, K.S., Heu, S. and Lee, S.Y., 2014. Growth characteristics and biofilm formation of various spoilage bacteria isolated from fresh produce. Journal of food science, 79(10), pp.M2072-M2080._1",OD_595,logistic,29,29,3,-200.6394045194415,-195.17022119949561,0.001274701224916159,0.9946547100928367,1,
274,"Stenotrophomonas.maltophilia.2_5_TSB_Bae, Y.M., Zheng, L., Hyun, J.E., Jung, K.S., Heu, S. and Lee, S.Y., 2014. Growth characteristics and biofilm formation of various spoilage bacteria isolated from fresh produce. Journal of food science, 79(10), pp.M2072-M2080._1",OD_595,quadratic,29,29,3,-161.07686701224816,-155.60768369230226,0.004987512303267381,0.979085531059828,1,
275,"Tetraselmis tetrahele_16_ESAW_Bernhardt, J.R., Sunday, J.M. and O’Connor, M.I., 2018. Metabolic theory and the temperature-size rule explain the temperature dependence of population carrying capacity. The American naturalist, 192(6), pp.687-697._1",N,cubic,12,12,4,230.94292534743926,233.36745859637927,69646292.68548171,0.8597827404718965,1,
275,"Tetraselmis tetrahele_16_ESAW_Bernhardt, J.R., Sunday, J.M. and O’Connor, M.I., 2018. Metabolic theory and the temperature-size rule explain the temperature dependence of population carrying capacity. The American naturalist, 192(6), pp.687-697._1",N,logistic,12,12,3,222.87316233597014,224.81278893512214,41997743.33602545,0.9154469211514868,1,
275,"Tetraselmis tetrahele_16_ESAW_Bernhardt, J.R., Sunday, J.M. and O’Connor, M.I., 2018. Metabolic theory and the temperature-size rule explain the temperature dependence of population carrying capacity. The American naturalist, 192(6), pp.687-697._1",N,quadratic,12,12,3,236.3274880057542,238.2671146049062,128870715.00628357,0.7405475899024395,1,
276,"Tetraselmis tetrahele_16_ESAW_Bernhardt, J.R., Sunday, J.M. and O’Connor, M.I., 2018. Metabolic theory and the temperature-size rule explain the temperature dependence of population carrying capacity. The American naturalist, 192(6), pp.687-697._2",N,cubic,12,12,4,237.8495540113396,240.2740872602796,123838941.15410689,0.7524305346310873,1,
276,"Tetraselmis tetrahele_16_ESAW_Bernhardt, J.R., Sunday, J.M. and O’Connor, M.I., 2018. Metabolic theory and the temperature-size rule explain the temperature dependence of population carrying capacity. The American naturalist, 192(6), pp.687-697._2",N,logistic,12,12,3,227.30988591173093,229.24951251088294,60784988.04870981,0.8784832391699129,1,
276,"Tetraselmis tetrahele_16_ESAW_Bernhardt, J.R., Sunday, J.M. and O’Connor, M.I., 2018. Metabolic theory and the temperature-size rule explain the temperature dependence of population carrying capacity. The American naturalist, 192(6), pp.687-697._2",N,quadratic,12,12,3,239.68240758162295,241.62203418077496,170440510.51138675,0.6592681940650684,1,
277,"Tetraselmis tetrahele_16_ESAW_Bernhardt, J.R., Sunday, J.M. and O’Connor, M.I., 2018. Metabolic theory and the temperature-size rule explain the temperature dependence of population carrying capacity. The American naturalist, 192(6), pp.687-697._3",N,cubic,13,13,4,250.6869793895006,253.51172617680828,83591744.31901968,0.8287649063239937,1,
277,"Tetraselmis tetrahele_16_ESAW_Bernhardt, J.R., Sunday, J.M. and O’Connor, M.I., 2018. Metabolic theory and the temperature-size rule explain the temperature dependence of population carrying capacity. The American naturalist, 192(6), pp.687-697._3",N,logistic,13,13,3,244.55651664691845,246.8163140767646,60838137.86107117,0.8753749629155186,1,
277,"Tetraselmis tetrahele_16_ESAW_Bernhardt, J.R., Sunday, J.M. and O’Connor, M.I., 2018. Metabolic theory and the temperature-size rule explain the temperature dependence of population carrying capacity. The American naturalist, 192(6), pp.687-697._3",N,quadratic,13,13,3,250.8215307994726,253.08132822931876,98508321.3534115,0.7982087612570665,1,
278,"Tetraselmis tetrahele_16_ESAW_Bernhardt, J.R., Sunday, J.M. and O’Connor, M.I., 2018. Metabolic theory and the temperature-size rule explain the temperature dependence of population carrying capacity. The American naturalist, 192(6), pp.687-697._4",N,cubic,13,13,4,254.35785097994344,257.18259776725114,110865693.55929823,0.8085889682114076,1,
278,"Tetraselmis tetrahele_16_ESAW_Bernhardt, J.R., Sunday, J.M. and O’Connor, M.I., 2018. Metabolic theory and the temperature-size rule explain the temperature dependence of population carrying capacity. The American naturalist, 192(6), pp.687-697._4",N,logistic,13,13,3,240.91854538538882,243.17834281523497,45987651.58187773,0.9206017338978416,1,
278,"Tetraselmis tetrahele_16_ESAW_Bernhardt, J.R., Sunday, J.M. and O’Connor, M.I., 2018. Metabolic theory and the temperature-size rule explain the temperature dependence of population carrying capacity. The American naturalist, 192(6), pp.687-697._4",N,quadratic,13,13,3,257.6518744395066,259.9116718693528,166592727.21170583,0.7123755349348669,1,
279,"Tetraselmis tetrahele_16_ESAW_Bernhardt, J.R., Sunday, J.M. and O’Connor, M.I., 2018. Metabolic theory and the temperature-size rule explain the temperature dependence of population carrying capacity. The American naturalist, 192(6), pp.687-697._5",N,cubic,13,13,4,245.9293593593781,248.75410614668579,57972803.27379126,0.8769156360427899,1,
279,"Tetraselmis tetrahele_16_ESAW_Bernhardt, J.R., Sunday, J.M. and O’Connor, M.I., 2018. Metabolic theory and the temperature-size rule explain the temperature dependence of population carrying capacity. The American naturalist, 192(6), pp.687-697._5",N,logistic,13,13,3,232.64738888054674,234.9071863103929,24340219.57104012,0.9483223119238963,1,
279,"Tetraselmis tetrahele_16_ESAW_Bernhardt, J.R., Sunday, J.M. and O’Connor, M.I., 2018. Metabolic theory and the temperature-size rule explain the temperature dependence of population carrying capacity. The American naturalist, 192(6), pp.687-697._5",N,quadratic,13,13,3,249.90365090089358,252.16344833073973,91792893.27369538,0.8051108580858869,1,
280,"Tetraselmis tetrahele_25_ESAW_Bernhardt, J.R., Sunday, J.M. and O’Connor, M.I., 2018. Metabolic theory and the temperature-size rule explain the temperature dependence of population carrying capacity. The American naturalist, 192(6), pp.687-697._1",N,cubic,13,13,4,243.30043512069835,246.12518190800603,47358629.39723045,0.7161741652208173,1,
280,"Tetraselmis tetrahele_25_ESAW_Bernhardt, J.R., Sunday, J.M. and O’Connor, M.I., 2018. Metabolic theory and the temperature-size rule explain the temperature dependence of population carrying capacity. The American naturalist, 192(6), pp.687-697._1",N,logistic,13,13,3,242.35988849898723,244.61968592883338,51379818.73668955,0.6920747046662458,1,
280,"Tetraselmis tetrahele_25_ESAW_Bernhardt, J.R., Sunday, J.M. and O’Connor, M.I., 2018. Metabolic theory and the temperature-size rule explain the temperature dependence of population carrying capacity. The American naturalist, 192(6), pp.687-697._1",N,quadratic,13,13,3,241.9853582551376,244.24515568498376,49920684.95504266,0.7008194649961268,1,
281,"Tetraselmis tetrahele_25_ESAW_Bernhardt, J.R., Sunday, J.M. and O’Connor, M.I., 2018. Metabolic theory and the temperature-size rule explain the temperature dependence of population carrying capacity. The American naturalist, 192(6), pp.687-697._2",N,cubic,13,13,4,238.98374933308398,241.80849612039165,33977423.76558207,0.7832500412116784,1,
281,"Tetraselmis tetrahele_25_ESAW_Bernhardt, J.R., Sunday, J.M. and O’Connor, M.I., 2018. Metabolic theory and the temperature-size rule explain the temperature dependence of population carrying capacity. The American naturalist, 192(6), pp.687-697._2",N,logistic,13,13,3,237.03706758294362,239.29686501278977,34117065.06866962,0.7823592365733341,1,
281,"Tetraselmis tetrahele_25_ESAW_Bernhardt, J.R., Sunday, J.M. and O’Connor, M.I., 2018. Metabolic theory and the temperature-size rule explain the temperature dependence of population carrying capacity. The American naturalist, 192(6), pp.687-697._2",N,quadratic,13,13,3,237.00031428472525,239.2601117145714,34020746.313530095,0.782973676512956,1,
282,"Tetraselmis tetrahele_25_ESAW_Bernhardt, J.R., Sunday, J.M. and O’Connor, M.I., 2018. Metabolic theory and the temperature-size rule explain the temperature dependence of population carrying capacity. The American naturalist, 192(6), pp.687-697._3",N,cubic,13,13,4,241.09219986225713,243.9169466495648,39960233.592258826,0.709149573692281,1,
282,"Tetraselmis tetrahele_25_ESAW_Bernhardt, J.R., Sunday, J.M. and O’Connor, M.I., 2018. Metabolic theory and the temperature-size rule explain the temperature dependence of population carrying capacity. The American naturalist, 192(6), pp.687-697._3",N,logistic,13,13,3,239.72810063461125,241.9878980644574,41963502.12415533,0.6945687903951632,1,
282,"Tetraselmis tetrahele_25_ESAW_Bernhardt, J.R., Sunday, J.M. and O’Connor, M.I., 2018. Metabolic theory and the temperature-size rule explain the temperature dependence of population carrying capacity. The American naturalist, 192(6), pp.687-697._3",N,quadratic,13,13,3,239.2583446327232,241.51814206256935,40474217.4967239,0.7054085435658222,1,
283,"Tetraselmis tetrahele_25_ESAW_Bernhardt, J.R., Sunday, J.M. and O’Connor, M.I., 2018. Metabolic theory and the temperature-size rule explain the temperature dependence of population carrying capacity. The American naturalist, 192(6), pp.687-697._4",N,cubic,14,14,4,248.65792641243672,251.853213060513,20752452.842904054,0.8992513088765277,1,
283,"Tetraselmis tetrahele_25_ESAW_Bernhardt, J.R., Sunday, J.M. and O’Connor, M.I., 2018. Metabolic theory and the temperature-size rule explain the temperature dependence of population carrying capacity. The American naturalist, 192(6), pp.687-697._4",N,logistic,14,14,3,251.06958642900162,253.62581574746264,28439613.69254385,0.8619317977845351,1,
283,"Tetraselmis tetrahele_25_ESAW_Bernhardt, J.R., Sunday, J.M. and O’Connor, M.I., 2018. Metabolic theory and the temperature-size rule explain the temperature dependence of population carrying capacity. The American naturalist, 192(6), pp.687-697._4",N,quadratic,14,14,3,248.35693563584198,250.913164954303,23430117.106694642,0.886251825302843,1,
284,"Tetraselmis tetrahele_25_ESAW_Bernhardt, J.R., Sunday, J.M. and O’Connor, M.I., 2018. Metabolic theory and the temperature-size rule explain the temperature dependence of population carrying capacity. The American naturalist, 192(6), pp.687-697._5",N,cubic,12,12,4,223.30831253412376,225.73284578306377,36863125.28361495,0.7496041916151674,1,
284,"Tetraselmis tetrahele_25_ESAW_Bernhardt, J.R., Sunday, J.M. and O’Connor, M.I., 2018. Metabolic theory and the temperature-size rule explain the temperature dependence of population carrying capacity. The American naturalist, 192(6), pp.687-697._5",N,logistic,12,12,3,222.49418104134628,224.4338076404983,40692105.76929598,0.7235955269502643,1,
284,"Tetraselmis tetrahele_25_ESAW_Bernhardt, J.R., Sunday, J.M. and O’Connor, M.I., 2018. Metabolic theory and the temperature-size rule explain the temperature dependence of population carrying capacity. The American naturalist, 192(6), pp.687-697._5",N,quadratic,12,12,3,221.54610772174448,223.48573432089648,37600900.59961501,0.7445927921411699,1,
285,"Tetraselmis tetrahele_32_ESAW_Bernhardt, J.R., Sunday, J.M. and O’Connor, M.I., 2018. Metabolic theory and the temperature-size rule explain the temperature dependence of population carrying capacity. The American naturalist, 192(6), pp.687-697._1",N,cubic,11,11,4,187.1916093980559,189.18108576204776,6377880.13894416,0.666516104144737,1,
285,"Tetraselmis tetrahele_32_ESAW_Bernhardt, J.R., Sunday, J.M. and O’Connor, M.I., 2018. Metabolic theory and the temperature-size rule explain the temperature dependence of population carrying capacity. The American naturalist, 192(6), pp.687-697._1",N,logistic,11,11,3,187.28317614875823,188.87475723995172,7713547.568783714,0.5966772911902466,1,
285,"Tetraselmis tetrahele_32_ESAW_Bernhardt, J.R., Sunday, J.M. and O’Connor, M.I., 2018. Metabolic theory and the temperature-size rule explain the temperature dependence of population carrying capacity. The American naturalist, 192(6), pp.687-697._1",N,quadratic,11,11,3,188.3857253313421,189.97730642253558,8526764.244620059,0.5541561620181223,1,
286,"Tetraselmis tetrahele_32_ESAW_Bernhardt, J.R., Sunday, J.M. and O’Connor, M.I., 2018. Metabolic theory and the temperature-size rule explain the temperature dependence of population carrying capacity. The American naturalist, 192(6), pp.687-697._2",N,cubic,11,11,4,200.4600947999775,202.44957116396935,21307555.351324458,0.42189032848756747,1,
286,"Tetraselmis tetrahele_32_ESAW_Bernhardt, J.R., Sunday, J.M. and O’Connor, M.I., 2018. Metabolic theory and the temperature-size rule explain the temperature dependence of population carrying capacity. The American naturalist, 192(6), pp.687-697._2",N,logistic,11,11,3,194.7553129116176,196.3468940028111,15214719.807914153,0.5871991636168523,1,
286,"Tetraselmis tetrahele_32_ESAW_Bernhardt, J.R., Sunday, J.M. and O’Connor, M.I., 2018. Metabolic theory and the temperature-size rule explain the temperature dependence of population carrying capacity. The American naturalist, 192(6), pp.687-697._2",N,quadratic,11,11,3,198.49080582295466,200.08238691414815,21367127.274386037,0.4202740424188631,1,
287,"Tetraselmis tetrahele_32_ESAW_Bernhardt, J.R., Sunday, J.M. and O’Connor, M.I., 2018. Metabolic theory and the temperature-size rule explain the temperature dependence of population carrying capacity. The American naturalist, 192(6), pp.687-697._3",N,cubic,11,11,4,195.0530186403237,197.04249500431555,13033322.446287215,0.6872947556771344,1,
287,"Tetraselmis tetrahele_32_ESAW_Bernhardt, J.R., Sunday, J.M. and O’Connor, M.I., 2018. Metabolic theory and the temperature-size rule explain the temperature dependence of population carrying capacity. The American naturalist, 192(6), pp.687-697._3",N,logistic,11,11,3,193.13768996465245,194.72927105584594,13134032.156689895,0.6848784527945087,1,
287,"Tetraselmis tetrahele_32_ESAW_Bernhardt, J.R., Sunday, J.M. and O’Connor, M.I., 2018. Metabolic theory and the temperature-size rule explain the temperature dependence of population carrying capacity. The American naturalist, 192(6), pp.687-697._3",N,quadratic,11,11,3,195.45425140794322,197.0458324991367,16212835.299407944,0.6110094993535605,1,
288,"Tetraselmis tetrahele_32_ESAW_Bernhardt, J.R., Sunday, J.M. and O’Connor, M.I., 2018. Metabolic theory and the temperature-size rule explain the temperature dependence of population carrying capacity. The American naturalist, 192(6), pp.687-697._4",N,cubic,12,12,4,205.8469373910923,208.2714706400323,8602880.94992477,0.764493187965476,1,
288,"Tetraselmis tetrahele_32_ESAW_Bernhardt, J.R., Sunday, J.M. and O’Connor, M.I., 2018. Metabolic theory and the temperature-size rule explain the temperature dependence of population carrying capacity. The American naturalist, 192(6), pp.687-697._4",N,logistic,12,12,3,199.02748835382636,200.96711495297836,5757344.75410258,0.8423907157712969,1,
288,"Tetraselmis tetrahele_32_ESAW_Bernhardt, J.R., Sunday, J.M. and O’Connor, M.I., 2018. Metabolic theory and the temperature-size rule explain the temperature dependence of population carrying capacity. The American naturalist, 192(6), pp.687-697._4",N,quadratic,12,12,3,204.97784314834817,206.91746974750018,9453067.460001105,0.74121904110836,1,
289,"Tetraselmis tetrahele_32_ESAW_Bernhardt, J.R., Sunday, J.M. and O’Connor, M.I., 2018. Metabolic theory and the temperature-size rule explain the temperature dependence of population carrying capacity. The American naturalist, 192(6), pp.687-697._5",N,cubic,12,12,4,211.86513664478682,214.28966989372682,14205280.274618754,0.6411250715308816,1,
289,"Tetraselmis tetrahele_32_ESAW_Bernhardt, J.R., Sunday, J.M. and O’Connor, M.I., 2018. Metabolic theory and the temperature-size rule explain the temperature dependence of population carrying capacity. The American naturalist, 192(6), pp.687-697._5",N,logistic,12,12,3,210.40965388125366,212.34928048040567,14864713.490818705,0.6244654883534375,1,
289,"Tetraselmis tetrahele_32_ESAW_Bernhardt, J.R., Sunday, J.M. and O’Connor, M.I., 2018. Metabolic theory and the temperature-size rule explain the temperature dependence of population carrying capacity. The American naturalist, 192(6), pp.687-697._5",N,quadratic,12,12,3,213.12022797886374,215.05985457801575,18631829.041085605,0.5292950096651372,1,
290,"Tetraselmis tetrahele_5_ESAW_Bernhardt, J.R., Sunday, J.M. and O’Connor, M.I., 2018. Metabolic theory and the temperature-size rule explain the temperature dependence of population carrying capacity. The American naturalist, 192(6), pp.687-697._1",N,cubic,11,11,4,200.52395731508574,202.5134336790776,21431620.059000604,0.9675200514185259,1,
290,"Tetraselmis tetrahele_5_ESAW_Bernhardt, J.R., Sunday, J.M. and O’Connor, M.I., 2018. Metabolic theory and the temperature-size rule explain the temperature dependence of population carrying capacity. The American naturalist, 192(6), pp.687-697._1",N,logistic,11,11,3,194.938786653833,196.5303677450265,15470620.888351275,0.9765540369979591,1,
290,"Tetraselmis tetrahele_5_ESAW_Bernhardt, J.R., Sunday, J.M. and O’Connor, M.I., 2018. Metabolic theory and the temperature-size rule explain the temperature dependence of population carrying capacity. The American naturalist, 192(6), pp.687-697._1",N,quadratic,11,11,3,205.34465011242986,206.93623120362335,39842348.7647997,0.9396183099698813,1,
291,"Tetraselmis tetrahele_5_ESAW_Bernhardt, J.R., Sunday, J.M. and O’Connor, M.I., 2018. Metabolic theory and the temperature-size rule explain the temperature dependence of population carrying capacity. The American naturalist, 192(6), pp.687-697._2",N,cubic,11,11,4,204.6022799842228,206.59175634821466,31050782.539640673,0.9548595774924498,1,
291,"Tetraselmis tetrahele_5_ESAW_Bernhardt, J.R., Sunday, J.M. and O’Connor, M.I., 2018. Metabolic theory and the temperature-size rule explain the temperature dependence of population carrying capacity. The American naturalist, 192(6), pp.687-697._2",N,logistic,11,11,3,202.70730937071545,204.29889046190894,31348679.239552703,0.9544265068321381,1,
291,"Tetraselmis tetrahele_5_ESAW_Bernhardt, J.R., Sunday, J.M. and O’Connor, M.I., 2018. Metabolic theory and the temperature-size rule explain the temperature dependence of population carrying capacity. The American naturalist, 192(6), pp.687-697._2",N,quadratic,11,11,3,204.6221012076275,206.213682298821,37309355.833948284,0.9457611065460623,1,
292,"Tetraselmis tetrahele_5_ESAW_Bernhardt, J.R., Sunday, J.M. and O’Connor, M.I., 2018. Metabolic theory and the temperature-size rule explain the temperature dependence of population carrying capacity. The American naturalist, 192(6), pp.687-697._3",N,cubic,11,11,4,203.13793149000966,205.12740785400152,27180543.918578018,0.9623878527912931,1,
292,"Tetraselmis tetrahele_5_ESAW_Bernhardt, J.R., Sunday, J.M. and O’Connor, M.I., 2018. Metabolic theory and the temperature-size rule explain the temperature dependence of population carrying capacity. The American naturalist, 192(6), pp.687-697._3",N,logistic,11,11,3,201.27480642274233,202.86638751393582,27520869.174628064,0.9619169143263477,1,
292,"Tetraselmis tetrahele_5_ESAW_Bernhardt, J.R., Sunday, J.M. and O’Connor, M.I., 2018. Metabolic theory and the temperature-size rule explain the temperature dependence of population carrying capacity. The American naturalist, 192(6), pp.687-697._3",N,quadratic,11,11,3,205.8316894824323,207.42327057362579,41646056.91749095,0.9423706299574006,1,
293,"Tetraselmis tetrahele_5_ESAW_Bernhardt, J.R., Sunday, J.M. and O’Connor, M.I., 2018. Metabolic theory and the temperature-size rule explain the temperature dependence of population carrying capacity. The American naturalist, 192(6), pp.687-697._4",N,cubic,11,11,4,210.19035593877524,212.1798323027671,51605637.2517986,0.9449011356953464,1,
293,"Tetraselmis tetrahele_5_ESAW_Bernhardt, J.R., Sunday, J.M. and O’Connor, M.I., 2018. Metabolic theory and the temperature-size rule explain the temperature dependence of population carrying capacity. The American naturalist, 192(6), pp.687-697._4",N,logistic,11,11,3,207.63392294420908,209.22550403540257,49060101.017978124,0.9476189813222786,1,
293,"Tetraselmis tetrahele_5_ESAW_Bernhardt, J.R., Sunday, J.M. and O’Connor, M.I., 2018. Metabolic theory and the temperature-size rule explain the temperature dependence of population carrying capacity. The American naturalist, 192(6), pp.687-697._4",N,quadratic,11,11,3,212.8674338845171,214.4590149757106,78950400.99145019,0.9157053829255003,1,
294,"Tetraselmis tetrahele_5_ESAW_Bernhardt, J.R., Sunday, J.M. and O’Connor, M.I., 2018. Metabolic theory and the temperature-size rule explain the temperature dependence of population carrying capacity. The American naturalist, 192(6), pp.687-697._5",N,cubic,10,10,4,184.08027425382173,185.59319971879196,21268452.97835516,0.96054132348893,1,
294,"Tetraselmis tetrahele_5_ESAW_Bernhardt, J.R., Sunday, J.M. and O’Connor, M.I., 2018. Metabolic theory and the temperature-size rule explain the temperature dependence of population carrying capacity. The American naturalist, 192(6), pp.687-697._5",N,logistic,10,10,3,180.20846918420804,181.41880955618421,17637801.07226589,0.9672771551562577,1,
294,"Tetraselmis tetrahele_5_ESAW_Bernhardt, J.R., Sunday, J.M. and O’Connor, M.I., 2018. Metabolic theory and the temperature-size rule explain the temperature dependence of population carrying capacity. The American naturalist, 192(6), pp.687-697._5",N,quadratic,10,10,3,185.61764064820147,186.82798102017765,30294359.299141627,0.9437958498950776,1,
295,"Tetraselmis tetrahele_8_ESAW_Bernhardt, J.R., Sunday, J.M. and O’Connor, M.I., 2018. Metabolic theory and the temperature-size rule explain the temperature dependence of population carrying capacity. The American naturalist, 192(6), pp.687-697._1",N,cubic,11,11,4,198.61555170407152,200.60502806806338,18018085.170013033,0.9714908950074508,1,
295,"Tetraselmis tetrahele_8_ESAW_Bernhardt, J.R., Sunday, J.M. and O’Connor, M.I., 2018. Metabolic theory and the temperature-size rule explain the temperature dependence of population carrying capacity. The American naturalist, 192(6), pp.687-697._1",N,logistic,11,11,3,188.1883138104027,189.77989490159618,8375103.613287751,0.9867484970804739,1,
295,"Tetraselmis tetrahele_8_ESAW_Bernhardt, J.R., Sunday, J.M. and O’Connor, M.I., 2018. Metabolic theory and the temperature-size rule explain the temperature dependence of population carrying capacity. The American naturalist, 192(6), pp.687-697._1",N,quadratic,11,11,3,200.57013190621973,202.16171299741322,25813129.975731425,0.9591571898056516,1,
296,"Tetraselmis tetrahele_8_ESAW_Bernhardt, J.R., Sunday, J.M. and O’Connor, M.I., 2018. Metabolic theory and the temperature-size rule explain the temperature dependence of population carrying capacity. The American naturalist, 192(6), pp.687-697._2",N,cubic,10,10,4,190.38762491365247,191.9005503786227,39963237.13907708,0.9403569170041892,1,
296,"Tetraselmis tetrahele_8_ESAW_Bernhardt, J.R., Sunday, J.M. and O’Connor, M.I., 2018. Metabolic theory and the temperature-size rule explain the temperature dependence of population carrying capacity. The American naturalist, 192(6), pp.687-697._2",N,logistic,10,10,3,186.77301952453388,187.98335989651005,34004722.807543285,0.9492496942226767,1,
296,"Tetraselmis tetrahele_8_ESAW_Bernhardt, J.R., Sunday, J.M. and O’Connor, M.I., 2018. Metabolic theory and the temperature-size rule explain the temperature dependence of population carrying capacity. The American naturalist, 192(6), pp.687-697._2",N,quadratic,10,10,3,188.39028155355288,189.60062192552905,39973855.34248524,0.94034106987987,1,
297,"Tetraselmis tetrahele_8_ESAW_Bernhardt, J.R., Sunday, J.M. and O’Connor, M.I., 2018. Metabolic theory and the temperature-size rule explain the temperature dependence of population carrying capacity. The American naturalist, 192(6), pp.687-697._3",N,cubic,11,11,4,208.28906836276673,210.27854472675858,43414200.60617638,0.9332209968600214,1,
297,"Tetraselmis tetrahele_8_ESAW_Bernhardt, J.R., Sunday, J.M. and O’Connor, M.I., 2018. Metabolic theory and the temperature-size rule explain the temperature dependence of population carrying capacity. The American naturalist, 192(6), pp.687-697._3",N,logistic,11,11,3,209.82084302058217,211.41242411177566,59850932.5856708,0.9079382884110837,1,
297,"Tetraselmis tetrahele_8_ESAW_Bernhardt, J.R., Sunday, J.M. and O’Connor, M.I., 2018. Metabolic theory and the temperature-size rule explain the temperature dependence of population carrying capacity. The American naturalist, 192(6), pp.687-697._3",N,quadratic,11,11,3,207.1835076610299,208.77508875222338,47091817.22485809,0.92756414798805,1,
298,"Tetraselmis tetrahele_8_ESAW_Bernhardt, J.R., Sunday, J.M. and O’Connor, M.I., 2018. Metabolic theory and the temperature-size rule explain the temperature dependence of population carrying capacity. The American naturalist, 192(6), pp.687-697._4",N,cubic,11,11,4,208.36082380048492,210.35030016447678,43698326.75919405,0.9358770829773563,1,
298,"Tetraselmis tetrahele_8_ESAW_Bernhardt, J.R., Sunday, J.M. and O’Connor, M.I., 2018. Metabolic theory and the temperature-size rule explain the temperature dependence of population carrying capacity. The American naturalist, 192(6), pp.687-697._4",N,logistic,11,11,3,200.312138485031,201.9037195762245,25214754.74379936,0.9629998733111039,1,
298,"Tetraselmis tetrahele_8_ESAW_Bernhardt, J.R., Sunday, J.M. and O’Connor, M.I., 2018. Metabolic theory and the temperature-size rule explain the temperature dependence of population carrying capacity. The American naturalist, 192(6), pp.687-697._4",N,quadratic,11,11,3,209.80198913711422,211.3935702283077,59748436.58489115,0.9123251546339912,1,
299,"Tetraselmis tetrahele_8_ESAW_Bernhardt, J.R., Sunday, J.M. and O’Connor, M.I., 2018. Metabolic theory and the temperature-size rule explain the temperature dependence of population carrying capacity. The American naturalist, 192(6), pp.687-697._5",N,cubic,11,11,4,205.9029543563729,207.89243072036476,34948205.946790695,0.9455022370420894,1,
299,"Tetraselmis tetrahele_8_ESAW_Bernhardt, J.R., Sunday, J.M. and O’Connor, M.I., 2018. Metabolic theory and the temperature-size rule explain the temperature dependence of population carrying capacity. The American naturalist, 192(6), pp.687-697._5",N,logistic,11,11,3,202.24878806873517,203.84036915992866,30068808.79891181,0.9531111034184484,1,
299,"Tetraselmis tetrahele_8_ESAW_Bernhardt, J.R., Sunday, J.M. and O’Connor, M.I., 2018. Metabolic theory and the temperature-size rule explain the temperature dependence of population carrying capacity. The American naturalist, 192(6), pp.687-697._5",N,quadratic,11,11,3,203.94933677623246,205.54091786742595,35095879.09896028,0.9452719575120202,1,
300,"Weissella viridescens_12_MRS broth_Silva, A.P.R.D., Longhi, D.A., Dalcanton, F. and Aragão, G.M.F.D., 2018. Modelling the growth of lactic acid bacteria at different temperatures. Brazilian Archives of Biology and Technology, 61._1",N,cubic,14,14,4,557.6152754508028,560.810562098879,79661044226466100,0.9512503622430077,1,
300,"Weissella viridescens_12_MRS broth_Silva, A.P.R.D., Longhi, D.A., Dalcanton, F. and Aragão, G.M.F.D., 2018. Modelling the growth of lactic acid bacteria at different temperatures. Brazilian Archives of Biology and Technology, 61._1",N,logistic,14,14,3,596.5176539897407,599.0738833082017,1479381173457257700,0.09467297333525382,1,
300,"Weissella viridescens_12_MRS broth_Silva, A.P.R.D., Longhi, D.A., Dalcanton, F. and Aragão, G.M.F.D., 2018. Modelling the growth of lactic acid bacteria at different temperatures. Brazilian Archives of Biology and Technology, 61._1",N,quadratic,14,14,3,556.979840580161,559.536069898622,87816518786494930,0.9462595108877643,1,
301,"Weissella viridescens_16_MRS broth_Silva, A.P.R.D., Longhi, D.A., Dalcanton, F. and Aragão, G.M.F.D., 2018. Modelling the growth of lactic acid bacteria at different temperatures. Brazilian Archives of Biology and Technology, 61._1",N,cubic,17,17,4,708.9478910411594,713.1139577614405,714184768794963e3,0.8119005275030227,1,
301,"Weissella viridescens_16_MRS broth_Silva, A.P.R.D., Longhi, D.A., Dalcanton, F. and Aragão, G.M.F.D., 2018. Modelling the growth of lactic acid bacteria at different temperatures. Brazilian Archives of Biology and Technology, 61._1",N,logistic,17,17,3,699.2461207481781,702.578974124403,453999636479414900,0.8804271725373154,1,
301,"Weissella viridescens_16_MRS broth_Silva, A.P.R.D., Longhi, D.A., Dalcanton, F. and Aragão, G.M.F.D., 2018. Modelling the growth of lactic acid bacteria at different temperatures. Brazilian Archives of Biology and Technology, 61._1",N,quadratic,17,17,3,707.9883691629915,711.3212225392164,759261540811293400,0.8000283658319685,1,
302,"Weissella viridescens_20_MRS broth_Silva, A.P.R.D., Longhi, D.A., Dalcanton, F. and Aragão, G.M.F.D., 2018. Modelling the growth of lactic acid bacteria at different temperatures. Brazilian Archives of Biology and Technology, 61._1",N,cubic,15,15,4,619.3425719463335,622.8828229518446,385381930388664450,0.9504025614175499,1,
302,"Weissella viridescens_20_MRS broth_Silva, A.P.R.D., Longhi, D.A., Dalcanton, F. and Aragão, G.M.F.D., 2018. Modelling the growth of lactic acid bacteria at different temperatures. Brazilian Archives of Biology and Technology, 61._1",N,logistic,15,15,3,603.7030620536075,606.5352628580163,155234086015401500,0.9800218628847314,1,
302,"Weissella viridescens_20_MRS broth_Silva, A.P.R.D., Longhi, D.A., Dalcanton, F. and Aragão, G.M.F.D., 2018. Modelling the growth of lactic acid bacteria at different temperatures. Brazilian Archives of Biology and Technology, 61._1",N,quadratic,15,15,3,629.7618922280434,632.5940930324522,881997794101600100,0.8864896665531433,1,
303,"Weissella viridescens_30_MRS broth_Silva, A.P.R.D., Longhi, D.A., Dalcanton, F. and Aragão, G.M.F.D., 2018. Modelling the growth of lactic acid bacteria at different temperatures. Brazilian Archives of Biology and Technology, 61._1",N,cubic,14,14,4,585.9086279076796,589.1039145557559,601083844503124600,0.8958196265470423,1,
303,"Weissella viridescens_30_MRS broth_Silva, A.P.R.D., Longhi, D.A., Dalcanton, F. and Aragão, G.M.F.D., 2018. Modelling the growth of lactic acid bacteria at different temperatures. Brazilian Archives of Biology and Technology, 61._1",N,logistic,14,14,3,564.8533287322891,567.4095580507502,154106147566307870,0.9732901887953319,1,
303,"Weissella viridescens_30_MRS broth_Silva, A.P.R.D., Longhi, D.A., Dalcanton, F. and Aragão, G.M.F.D., 2018. Modelling the growth of lactic acid bacteria at different temperatures. Brazilian Archives of Biology and Technology, 61._1",N,quadratic,14,14,3,590.4931484673137,593.0493777857748,962041251040855200,0.8332581756652655,1,
304,"Weissella viridescens_4_MRS broth_Silva, A.P.R.D., Longhi, D.A., Dalcanton, F. and Aragão, G.M.F.D., 2018. Modelling the growth of lactic acid bacteria at different temperatures. Brazilian Archives of Biology and Technology, 61._1",N,cubic,9,9,4,178.5155353917576,179.5016582784387,71363414.05487399,0.9931689043544065,1,
304,"Weissella viridescens_4_MRS broth_Silva, A.P.R.D., Longhi, D.A., Dalcanton, F. and Aragão, G.M.F.D., 2018. Modelling the growth of lactic acid bacteria at different temperatures. Brazilian Archives of Biology and Technology, 61._1",N,logistic,9,9,3,122.03390602437842,122.8228043337233,167674.77408620028,0.9999839497250194,1,
304,"Weissella viridescens_4_MRS broth_Silva, A.P.R.D., Longhi, D.A., Dalcanton, F. and Aragão, G.M.F.D., 2018. Modelling the growth of lactic acid bacteria at different temperatures. Brazilian Archives of Biology and Technology, 61._1",N,quadratic,9,9,3,197.79162691320357,198.58052522254846,758843450.749094,0.9273614882254186,1,
305,"Weissella viridescens_8_MRS broth_Silva, A.P.R.D., Longhi, D.A., Dalcanton, F. and Aragão, G.M.F.D., 2018. Modelling the growth of lactic acid bacteria at different temperatures. Brazilian Archives of Biology and Technology, 61._1",N,cubic,20,20,4,732.8297874281432,737.8084487959131,5815740864645132,0.983079348398918,1,
305,"Weissella viridescens_8_MRS broth_Silva, A.P.R.D., Longhi, D.A., Dalcanton, F. and Aragão, G.M.F.D., 2018. Modelling the growth of lactic acid bacteria at different temperatures. Brazilian Archives of Biology and Technology, 61._1",N,logistic,20,20,3,709.4933666055281,713.476295699744,2001200283927164.8,0.9941775925756651,1,
305,"Weissella viridescens_8_MRS broth_Silva, A.P.R.D., Longhi, D.A., Dalcanton, F. and Aragão, G.M.F.D., 2018. Modelling the growth of lactic acid bacteria at different temperatures. Brazilian Archives of Biology and Technology, 61._1",N,quadratic,20,20,3,736.2421903895716,740.2251194837876,7623139797240763,0.9778207977938637,1,
